704678,/enforcement/enforcetrainfund/enforcertraining/courses-booked-individual-food-feed-law-authorised-officers/,GenericBranch
703904,/enforcement/enforcetrainfund/enforcertraining/courses-booked-individual-food-feed-law-authorised-officers/allergen-labelling-info-training-workshop/,GenericBranch
704173,/enforcement/enforcetrainfund/enforcertraining/courses-booked-individual-food-feed-law-authorised-officers/animal-feed-overview/,GenericBranch
703936,/enforcement/enforcetrainfund/enforcertraining/courses-booked-individual-food-feed-law-authorised-officers/application-good-hygiene-practice/,GenericBranch
703873,/enforcement/enforcetrainfund/enforcertraining/courses-booked-individual-food-feed-law-authorised-officers/enforcement-sanctions/,GenericBranch
719807,/enforcement/enforcetrainfund/enforcertraining/courses-booked-individual-food-feed-law-authorised-officers/farm-pasteurisation-plants/,GenericBranch
719827,/enforcement/enforcetrainfund/enforcertraining/courses-booked-individual-food-feed-law-authorised-officers/feed-law-cop-course/,GenericBranch
704003,/enforcement/enforcetrainfund/enforcertraining/courses-booked-individual-food-feed-law-authorised-officers/feed-primary-production-annexes/,GenericBranch
704132,/enforcement/enforcetrainfund/enforcertraining/courses-booked-individual-food-feed-law-authorised-officers/Feed-safety-management-feed-compounders/,GenericBranch
704128,/enforcement/enforcetrainfund/enforcertraining/courses-booked-individual-food-feed-law-authorised-officers/Feed-safety-management-systems-food-businesses/,GenericBranch
704075,/enforcement/enforcetrainfund/enforcertraining/courses-booked-individual-food-feed-law-authorised-officers/Food-information-consumer-regulation/,GenericBranch
704055,/enforcement/enforcetrainfund/enforcertraining/courses-booked-individual-food-feed-law-authorised-officers/Food-standards-update-individuals/,GenericBranch
719835,/enforcement/enforcetrainfund/enforcertraining/courses-booked-individual-food-feed-law-authorised-officers/haccp-fsm-course/,GenericBranch
704250,/enforcement/enforcetrainfund/enforcertraining/courses-booked-individual-food-feed-law-authorised-officers/import-conditions-polyamide-melamine/,GenericBranch
704222,/enforcement/enforcetrainfund/enforcertraining/courses-booked-individual-food-feed-law-authorised-officers/imported-food-control-small-ports/,GenericBranch
704244,/enforcement/enforcetrainfund/enforcertraining/courses-booked-individual-food-feed-law-authorised-officers/imported-food-update-inland-enforcement-officers/,GenericBranch
704237,/enforcement/enforcetrainfund/enforcertraining/courses-booked-individual-food-feed-law-authorised-officers/imported-food-update-port-health-officers/,GenericBranch
703868,/enforcement/enforcetrainfund/enforcertraining/courses-booked-individual-food-feed-law-authorised-officers/Local-auth-investigation-skill/,GenericBranch
704168,/enforcement/enforcetrainfund/enforcertraining/courses-booked-individual-food-feed-law-authorised-officers/sampling-animal-feed/,GenericBranch
704178,/enforcement/enforcetrainfund/enforcertraining/courses-booked-individual-food-feed-law-authorised-officers/shellfish-hygiene-purification-centres/,GenericBranch
719280,/enforcement/enforcetrainfund/enforcertraining/courses-booked-individual-food-feed-law-authorised-officers/verification-coccidiostats/,GenericBranch
704230,/enforcement/enforcetrainfund/enforcertraining/courses-booked-individual-food-feed-law-authorised-officers/veterinary-checks-refresher/,GenericBranch
702932,/enforcement/enforcetrainfund/enforcertraining/courses-flg-cieh/,GenericBranch
703626,/enforcement/enforcetrainfund/enforcertraining/courses-flg-cieh/audit-food-safety-activities-processes/,GenericBranch
703681,/enforcement/enforcetrainfund/enforcertraining/courses-flg-cieh/consistency-scoring-annex5/,GenericBranch
703673,/enforcement/enforcetrainfund/enforcertraining/courses-flg-cieh/e.coliO157-control-cross-contamination-guide/,GenericBranch
704214,/enforcement/enforcetrainfund/enforcertraining/courses-flg-cieh/effective-imported-food-control/,GenericBranch
703238,/enforcement/enforcetrainfund/enforcertraining/courses-flg-cieh/food-factory-inspect/,GenericBranch
703131,/enforcement/enforcetrainfund/enforcertraining/courses-flg-cieh/food-stand-update/,GenericBranch
702936,/enforcement/enforcetrainfund/enforcertraining/courses-flg-cieh/haccp-assessment/,GenericBranch
703142,/enforcement/enforcetrainfund/enforcertraining/courses-flg-cieh/min-eth-food-bus/,GenericBranch
703706,/enforcement/enforcetrainfund/enforcertraining/courses-flg-cieh/sampling-imported-food-contaminants/,GenericBranch
703720,/enforcement/enforcetrainfund/enforcertraining/courses-flg-cieh/sous-vide-in-food-establishments/,GenericBranch
703197,/enforcement/enforcetrainfund/enforcertraining/courses-flg-cieh/vac-pac-course/,GenericBranch
703858,/enforcement/enforcetrainfund/enforcertraining/evidence-gathering-interview-skills/,GenericBranch
704159,/enforcement/enforcetrainfund/enforcertraining/Import-control-feed-non-animal-origin/,GenericBranch
