468233,/enforcement/auditandmonitoring/auditreports/audengreport/audits2008/auditashford/ashfordaudit,Document
502478,/enforcement/auditandmonitoring/auditreports/audengreport/audits2008/auditbassetlaw/bassetlawaudit,Document
473358,/enforcement/auditandmonitoring/auditreports/audengreport/audits2008/auditboston/bostonaudit,Document
469271,/enforcement/auditandmonitoring/auditreports/audengreport/audits2008/auditbromsgrove/bromsgroveaudit,Document
488317,/enforcement/auditandmonitoring/auditreports/audengreport/audits2008/auditcannockchase/cannockchaseaudit,Document
473373,/enforcement/auditandmonitoring/auditreports/audengreport/audits2008/auditchelmsford/chelmsfordaudit,Document
488319,/enforcement/auditandmonitoring/auditreports/audengreport/audits2008/auditcherwell/cherwellaudit,Document
489677,/enforcement/auditandmonitoring/auditreports/audengreport/audits2008/auditeastcambs/eastcambsaudit,Document
473383,/enforcement/auditandmonitoring/auditreports/audengreport/audits2008/audithart/hartaudit,Document
466964,/enforcement/auditandmonitoring/auditreports/audengreport/audits2008/audithartlepool/hartlepoolauditiff,Document
476442,/enforcement/auditandmonitoring/auditreports/audengreport/audits2008/audithighpeak/highpeakaudit,Document
503520,/enforcement/auditandmonitoring/auditreports/audengreport/audits2008/auditliverpool/liverpoolaudit,Document
466315,/enforcement/auditandmonitoring/auditreports/audengreport/audits2008/auditmacclesfield/macclesfieldauditdoc,Document
468350,/enforcement/auditandmonitoring/auditreports/audengreport/audits2008/auditmidbeds/midbedsauditdoc,Document
473388,/enforcement/auditandmonitoring/auditreports/audengreport/audits2008/auditmidsussex/midsussexaudit,Document
487879,/enforcement/auditandmonitoring/auditreports/audengreport/audits2008/auditoadbywigston/oadbywigstonaudit,Document
469295,/enforcement/auditandmonitoring/auditreports/audengreport/audits2008/auditscarborough/scarboroughaudit,Document
623465,/enforcement/auditandmonitoring/auditreports/audengreport/audits2008/auditsleeds/leedsauditdoc,Document
487889,/enforcement/auditandmonitoring/auditreports/audengreport/audits2008/auditsouthbucks/southbucksaudit,Document
502465,/enforcement/auditandmonitoring/auditreports/audengreport/audits2008/auditstedmundsbury/stedmundsburyaudit,Document
481799,/enforcement/auditandmonitoring/auditreports/audengreport/audits2008/audittandridge/tandridgeaudit,Document
476436,/enforcement/auditandmonitoring/auditreports/audengreport/audits2008/auditthreerivers/threeriversaudit,Document
489681,/enforcement/auditandmonitoring/auditreports/audengreport/audits2008/auditwelwynhatfield/welwynhatfieldaudit,Document
481273,/enforcement/auditandmonitoring/auditreports/audengreport/audits2008/northsomerset/nsomerset,Document
513624,/enforcement/auditandmonitoring/auditreports/audengreport/audits2009/auditbarrow/barrowaudit,Document
507530,/enforcement/auditandmonitoring/auditreports/audengreport/audits2009/auditbasildon/basildonaudit,Document
517157,/enforcement/auditandmonitoring/auditreports/audengreport/audits2009/auditbroadland/broadlandaudit,Document
508647,/enforcement/auditandmonitoring/auditreports/audengreport/audits2009/auditcalderdale/calderdaleaudit,Document
524076,/enforcement/auditandmonitoring/auditreports/audengreport/audits2009/auditcotswold/cotswoldaudit,Document
524069,/enforcement/auditandmonitoring/auditreports/audengreport/audits2009/auditeastdevon/eastdevonaprilaudit,Document
524073,/enforcement/auditandmonitoring/auditreports/audengreport/audits2009/auditeastdevonjuly/eastdevonjulyaudit,Document
511558,/enforcement/auditandmonitoring/auditreports/audengreport/audits2009/auditeaststaffs/eaststaffsaudit,Document
528873,/enforcement/auditandmonitoring/auditreports/audengreport/audits2009/auditforestofdean/forestofdeanaudit,Document
513687,/enforcement/auditandmonitoring/auditreports/audengreport/audits2009/auditgedling/gedlingaudit,Document
516060,/enforcement/auditandmonitoring/auditreports/audengreport/audits2009/audithyndburn/hyndburnaudit,Document
520152,/enforcement/auditandmonitoring/auditreports/audengreport/audits2009/auditlichfield/lichfieldaudit,Document
508666,/enforcement/auditandmonitoring/auditreports/audengreport/audits2009/auditmerton/mertonaudit,Document
513705,/enforcement/auditandmonitoring/auditreports/audengreport/audits2009/auditmolevalley/molevalleyaudit,Document
508669,/enforcement/auditandmonitoring/auditreports/audengreport/audits2009/auditnorthdorset/northdorsetaudit,Document
511561,/enforcement/auditandmonitoring/auditreports/audengreport/audits2009/auditnorthlincs/northlincsaudit,Document
509767,/enforcement/auditandmonitoring/auditreports/audengreport/audits2009/auditnorthnorfolk/northnorfolkaudit,Document
507533,/enforcement/auditandmonitoring/auditreports/audengreport/audits2009/auditnottingham/nottinghamaudit,Document
517143,/enforcement/auditandmonitoring/auditreports/audengreport/audits2009/auditstafford/staffordaudit,Document
541438,/enforcement/auditandmonitoring/auditreports/audengreport/audits2009/auditvowh/valeofwhitehorseaudit,Document
509762,/enforcement/auditandmonitoring/auditreports/audengreport/audits2009/auditwigan/wiganaudit,Document
508672,/enforcement/auditandmonitoring/auditreports/audengreport/audits2009/auditwolverhampton/wolverhamptonaudit,Document
545278,/enforcement/auditandmonitoring/auditreports/audengreport/audits2010/auditarun/arunaudit,Document
553345,/enforcement/auditandmonitoring/auditreports/audengreport/audits2010/auditashfield/ashfieldaudit2010,Document
556356,/enforcement/auditandmonitoring/auditreports/audengreport/audits2010/auditbournemouth/bournemouthaudit,Document
572054,/enforcement/auditandmonitoring/auditreports/audengreport/audits2010/auditbradford/bradfordaudit,Document
556414,/enforcement/auditandmonitoring/auditreports/audengreport/audits2010/auditbrentwood/brentwoodaudit2010,Document
569166,/enforcement/auditandmonitoring/auditreports/audengreport/audits2010/auditbristol/bristolaudit,Document
551183,/enforcement/auditandmonitoring/auditreports/audengreport/audits2010/auditcamden/camdenaudit,Document
556385,/enforcement/auditandmonitoring/auditreports/audengreport/audits2010/auditeastdorset/eastdorsetaudit2010,Document
551177,/enforcement/auditandmonitoring/auditreports/audengreport/audits2010/auditeppingforest/eppingforestaudit,Document
556391,/enforcement/auditandmonitoring/auditreports/audengreport/audits2010/audithackney/hackneyaudit2010,Document
565833,/enforcement/auditandmonitoring/auditreports/audengreport/audits2010/auditharringey/haringeyaudit2010,Document
574114,/enforcement/auditandmonitoring/auditreports/audengreport/audits2010/auditleicester/leicesteraudit,Document
557782,/enforcement/auditandmonitoring/auditreports/audengreport/audits2010/auditliverpool/liverpoolaudit,Document
549208,/enforcement/auditandmonitoring/auditreports/audengreport/audits2010/auditmaidstone/maidstoneaudit,Document
568833,/enforcement/auditandmonitoring/auditreports/audengreport/audits2010/auditmanchester/manchesteraudit2010,Document
565853,/enforcement/auditandmonitoring/auditreports/audengreport/audits2010/auditmiddlesborough/middlesboroughaudit,Document
545281,/enforcement/auditandmonitoring/auditreports/audengreport/audits2010/auditnewforest/newforestaudit,Document
565848,/enforcement/auditandmonitoring/auditreports/audengreport/audits2010/auditnewham/newhamaudit,Document
568829,/enforcement/auditandmonitoring/auditreports/audengreport/audits2010/auditportsmouth/portsmouthphaaudit2010,Document
565850,/enforcement/auditandmonitoring/auditreports/audengreport/audits2010/auditrivertees/riverteesphaaudit,Document
554251,/enforcement/auditandmonitoring/auditreports/audengreport/audits2010/auditrotherham/rotherhamaudit,Document
550529,/enforcement/auditandmonitoring/auditreports/audengreport/audits2010/auditrugby/rugbyaudit,Document
551190,/enforcement/auditandmonitoring/auditreports/audengreport/audits2010/auditrunnymede/runnymedeaudit,Document
565855,/enforcement/auditandmonitoring/auditreports/audengreport/audits2010/auditslough/sloughaudit,Document
610023,/enforcement/auditandmonitoring/auditreports/audengreport/audits2010/auditslough/sloughuap2012,Document
549214,/enforcement/auditandmonitoring/auditreports/audengreport/audits2010/auditsouthnorfolk/southnorfolkaudit,Document
545285,/enforcement/auditandmonitoring/auditreports/audengreport/audits2010/auditsouthnorthants/southnorthantsaudit,Document
556403,/enforcement/auditandmonitoring/auditreports/audengreport/audits2010/auditsouthtyneside/southtynesideaudit2010,Document
550524,/enforcement/auditandmonitoring/auditreports/audengreport/audits2010/audittamworth/tamworthaudit,Document
549196,/enforcement/auditandmonitoring/auditreports/audengreport/audits2010/audittauntondeane/tauntondeaneaudit,Document
565862,/enforcement/auditandmonitoring/auditreports/audengreport/audits2010/audittendring/tendringaudit,Document
554635,/enforcement/auditandmonitoring/auditreports/audengreport/audits2010/audittestvalley/testvalleyaudit,Document
563108,/enforcement/auditandmonitoring/auditreports/audengreport/audits2010/auditthamesport/thamesportaudit,Document
554647,/enforcement/auditandmonitoring/auditreports/audengreport/audits2010/auditwalsall/walsallaudit2010,Document
549188,/enforcement/auditandmonitoring/auditreports/audengreport/audits2010/auditwaveney/waveneyaudit,Document
554644,/enforcement/auditandmonitoring/auditreports/audengreport/audits2010/auditwestberkshire/westberkshireaudit,Document
551193,/enforcement/auditandmonitoring/auditreports/audengreport/audits2010/auditwestlindsey/westlindseyaudit,Document
545289,/enforcement/auditandmonitoring/auditreports/audengreport/audits2010/auditwestminster/westminsteraudit,Document
545287,/enforcement/auditandmonitoring/auditreports/audengreport/audits2010/auditworthing/worthingaudit,Document
545638,/enforcement/auditandmonitoring/auditreports/audengreport/audits2010/auditwychavon/wychvonaudit,Document
563113,/enforcement/auditandmonitoring/auditreports/audengreport/audits2010/southampton/southamptonaudit,Document
609880,/enforcement/auditandmonitoring/auditreports/audengreport/audits2011/auditbuckinghamshire/auditbuckinghamshire2011,Document
582020,/enforcement/auditandmonitoring/auditreports/audengreport/audits2011/auditcheshirewestandchester/cheshirewestandchesteraudit,Document
597330,/enforcement/auditandmonitoring/auditreports/audengreport/audits2011/auditcumbria/cumbriaaudit,Document
597959,/enforcement/auditandmonitoring/auditreports/audengreport/audits2011/audithertfordshire/hertfordshireaudit2011,Document
580837,/enforcement/auditandmonitoring/auditreports/audengreport/audits2011/auditlancashire/lancashireaudit2011,Document
597351,/enforcement/auditandmonitoring/auditreports/audengreport/audits2011/auditleicestershire/leicestershireaudit,Document
602262,/enforcement/auditandmonitoring/auditreports/audengreport/audits2011/auditlincolnshire/lincolnshireaudit,Document
605312,/enforcement/auditandmonitoring/auditreports/audengreport/audits2011/auditnorfolk/norfolkaudit2011,Document
597383,/enforcement/auditandmonitoring/auditreports/audengreport/audits2011/auditnorthamptonshire/northamptonshireaudit,Document
653140,/enforcement/auditandmonitoring/auditreports/audengreport/audits2011/auditnortheastlincolnshire/ne-linc-uap,Document
572775,/enforcement/auditandmonitoring/auditreports/audengreport/audits2011/auditnortheastlincolnshire/northeastlincolnshireaudit2011,Document
600183,/enforcement/auditandmonitoring/auditreports/audengreport/audits2011/auditnottinghamshire/nottinghamshireaudit,Document
580252,/enforcement/auditandmonitoring/auditreports/audengreport/audits2011/auditsefton/seftonaudit,Document
597342,/enforcement/auditandmonitoring/auditreports/audengreport/audits2011/auditsouthgloucestershire/southgloucestershireaudit,Document
583809,/enforcement/auditandmonitoring/auditreports/audengreport/audits2011/auditsuffolk/suffolkaudit,Document
580242,/enforcement/auditandmonitoring/auditreports/audengreport/audits2011/auditsunderland/sunderlandaudit,Document
568065,/enforcement/auditandmonitoring/auditreports/audengreport/audits2011/audituttlesford/uttlesfordaudit,Document
600189,/enforcement/auditandmonitoring/auditreports/audengreport/audits2011/auditwestyorks/westyorkshireaudit,Document
592750,/enforcement/auditandmonitoring/auditreports/audengreport/audits2011/eastridingaudit2011/eastridingaudit2011,Document
592752,/enforcement/auditandmonitoring/auditreports/audengreport/audits2011/kingstonuponhullaudit2011/kingstonuponhullaudit2011,Document
592758,/enforcement/auditandmonitoring/auditreports/audengreport/audits2011/southtynesideaudit2011/southtunesideaudit2011,Document
613391,/enforcement/auditandmonitoring/auditreports/audengreport/audits2011/thanet-audit/thane-audit-2011,Document
592755,/enforcement/auditandmonitoring/auditreports/audengreport/audits2011/tilburyaudit2011/tilburyaudit2011,Document
652580,/enforcement/auditandmonitoring/auditreports/audengreport/audits2012/ayles-vale-2012/ayles-vale-delivery-audit,Document
667712,/enforcement/auditandmonitoring/auditreports/audengreport/audits2012/craven-dca/Craven-delivery-compliance,Document
662652,/enforcement/auditandmonitoring/auditreports/audengreport/audits2012/doncaster/doncaster-delivery-compliance,Document
671135,/enforcement/auditandmonitoring/auditreports/audengreport/audits2012/durham/Durham-delivery-compliance,Document
656233,/enforcement/auditandmonitoring/auditreports/audengreport/audits2012/medway/medway-audit,Document
662662,/enforcement/auditandmonitoring/auditreports/audengreport/audits2012/northumberland-dca/northumberland-delivery-compliance,Document
671602,/enforcement/auditandmonitoring/auditreports/audengreport/audits2012/redbridge-london/redbridge-delivery-compliance,Document
673725,/enforcement/auditandmonitoring/auditreports/audengreport/audits2012/richmonduponthames-london/richmonduponthames-london-delivery-compliance,Document
666046,/enforcement/auditandmonitoring/auditreports/audengreport/audits2012/southend-on-sea-audit/southend-on-sea,Document
666298,/enforcement/auditandmonitoring/auditreports/audengreport/audits2012/southwark-london/southwark-delivery-compliance,Document
656256,/enforcement/auditandmonitoring/auditreports/audengreport/audits2012/st-helens/st-helens-audit,Document
706422,/enforcement/auditandmonitoring/auditreports/audengreport/audits2013/barnsley/barnsley-feed-controls,Document
697769,/enforcement/auditandmonitoring/auditreports/audengreport/audits2013/cambridgeshire/cambridgeshire-feed-controls,Document
699438,/enforcement/auditandmonitoring/auditreports/audengreport/audits2013/central-bedfordshire/central-bedfordshire-feed-controls,Document
685427,/enforcement/auditandmonitoring/auditreports/audengreport/audits2013/cheshire-east/cheshire-east-delivery-compliance,Document
701262,/enforcement/auditandmonitoring/auditreports/audengreport/audits2013/cornwall/cornwall-feed-controls,Document
699445,/enforcement/auditandmonitoring/auditreports/audengreport/audits2013/darlington/darlington-feed-controls,Document
707672,/enforcement/auditandmonitoring/auditreports/audengreport/audits2013/derbyshire/derbyshire-feed-controls,Document
709965,/enforcement/auditandmonitoring/auditreports/audengreport/audits2013/ealing-london/ealing-delivery-compliance,Document
697748,/enforcement/auditandmonitoring/auditreports/audengreport/audits2013/east-hertfordshire/east-hertfordshire-delivery-compliance,Document
679447,/enforcement/auditandmonitoring/auditreports/audengreport/audits2013/elmbridge/elmbridge-delivery-compliance,Document
681402,/enforcement/auditandmonitoring/auditreports/audengreport/audits2013/fareham/fareham-delivery-compliance,Document
715624,/enforcement/auditandmonitoring/auditreports/audengreport/audits2013/gloucestershire/gloucestershire-feed-controls,Document
685532,/enforcement/auditandmonitoring/auditreports/audengreport/audits2013/hertsmere/hertsmere-delivery-compliance,Document
685515,/enforcement/auditandmonitoring/auditreports/audengreport/audits2013/horsham/horsham-delivery-compliance,Document
711842,/enforcement/auditandmonitoring/auditreports/audengreport/audits2013/isles-of-scilly/isles-of-scilly-delivery-compliance,Document
708283,/enforcement/auditandmonitoring/auditreports/audengreport/audits2013/oldham/Oldham-feed-controls,Document
706441,/enforcement/auditandmonitoring/auditreports/audengreport/audits2013/portsmouth/portsmouth-delivery-compliance,Document
715622,/enforcement/auditandmonitoring/auditreports/audengreport/audits2013/shropshire/shropshire-feed-controls,Document
673753,/enforcement/auditandmonitoring/auditreports/audengreport/audits2013/st-albans/st-albans-delivery-compliance,Document
673755,/enforcement/auditandmonitoring/auditreports/audengreport/audits2013/swale/swale-delivery-compliance,Document
693691,/enforcement/auditandmonitoring/auditreports/audengreport/audits2013/waverley/waverley-delivery-compliance,Document
679200,/enforcement/auditandmonitoring/auditreports/audengreport/audits2013/west-oxfordshire/west-oxfordshire-delivery-compliance,Document
696225,/enforcement/auditandmonitoring/auditreports/audengreport/audits2013/west-sussex/west-sussex-feed-controls,Document
707674,/enforcement/auditandmonitoring/auditreports/audengreport/audits2013/wiltshire/wiltshire-delivery-compliance,Document
711839,/enforcement/auditandmonitoring/auditreports/audengreport/audits2013/wycombe/wycombe-delivery-compliance,Document
713222,/enforcement/auditandmonitoring/auditreports/audengreport/audits2014/rochford/rochford-imported-food-controls,Document
716721,/enforcement/auditandmonitoring/auditreports/audengreport/audits2014/solihull/solihull-imported-food-controls,Document
485613,/enforcement/auditandmonitoring/auditreports/auditfocus/cheeserecovery,Document
662209,/enforcement/auditandmonitoring/auditreports/auditfocus/complianceaudits/compliance-audits-local,Document
558431,/enforcement/auditandmonitoring/auditreports/auditfocus/fsmsauditreport,Document
581360,/enforcement/auditandmonitoring/auditreports/auditfocus/importedfnaoreport2011,Document
604286,/enforcement/auditandmonitoring/auditreports/auditfocus/jointtraceabilityaudit,Document
456472,/enforcement/auditandmonitoring/auditreports/auditfocus/walesauditdisease,Document
590618,/enforcement/auditandmonitoring/auditreports/auditnireland/2011/ards2011/ardsaudit2011,Document
597882,/enforcement/auditandmonitoring/auditreports/auditnireland/2011/auditcookstown/cookstownaudit2011,Document
597875,/enforcement/auditandmonitoring/auditreports/auditnireland/2011/auditlarne/larneaudit2011,Document
608224,/enforcement/auditandmonitoring/auditreports/auditnireland/2011/auditnewryandmourne/newryandmourneaudit2011,Document
687914,/enforcement/auditandmonitoring/auditreports/auditnireland/2012/auditarmagh2012/armaghaudit2012,Document
606795,/enforcement/auditandmonitoring/auditreports/auditnireland/2012/auditbelfastport2012/belfastportaudit2012,Document
667812,/enforcement/auditandmonitoring/auditreports/auditnireland/2012/auditnorthdown2012/northdownaudit2012,Document
687926,/enforcement/auditandmonitoring/auditreports/auditnireland/2012/auditstrabane2012/strabaneaudit2012,Document
699515,/enforcement/auditandmonitoring/auditreports/auditnireland/2013/auditcarrickfergus/carrickfergusaudit2013,Document
690914,/enforcement/auditandmonitoring/auditreports/auditnireland/2013/auditmoyle2013/moyleaudit2013,Document
576271,/enforcement/auditandmonitoring/auditreports/auditscot/2011/aberdeenshireaudit2011,Document
602813,/enforcement/auditandmonitoring/auditreports/auditscot/2011/angusaudit2011,Document
569045,/enforcement/auditandmonitoring/auditreports/auditscot/2011/clackmannanshireaudit2011,Document
606931,/enforcement/auditandmonitoring/auditreports/auditscot/2011/comhairlenaneileansiaraudit2011,Document
583820,/enforcement/auditandmonitoring/auditreports/auditscot/2011/eastayrshireaudit2011,Document
602831,/enforcement/auditandmonitoring/auditreports/auditscot/2011/eastrenfrewshireaudit2011,Document
576269,/enforcement/auditandmonitoring/auditreports/auditscot/2011/glasgowaudit2011,Document
602817,/enforcement/auditandmonitoring/auditreports/auditscot/2011/inverclydeaudit2011,Document
580443,/enforcement/auditandmonitoring/auditreports/auditscot/2011/morayaudit2011,Document
602825,/enforcement/auditandmonitoring/auditreports/auditscot/2011/renfrewshireaudit2011,Document
602821,/enforcement/auditandmonitoring/auditreports/auditscot/2011/stirlingaudit2011,Document
655183,/enforcement/auditandmonitoring/auditreports/auditscot/auditscot2012/east-lothhian-audit,Document
606949,/enforcement/auditandmonitoring/auditreports/auditscot/auditscot2012/falkirkaudit2012,Document
652948,/enforcement/auditandmonitoring/auditreports/auditscot/auditscot2012/south-lanarkshire-audit,Document
631539,/enforcement/auditandmonitoring/auditreports/auditscot/coreaudits/aberdeencoreaudit,Document
631542,/enforcement/auditandmonitoring/auditreports/auditscot/coreaudits/aberdeenshirecoreaudit,Document
631629,/enforcement/auditandmonitoring/auditreports/auditscot/coreaudits/anguscoreaudit,Document
631614,/enforcement/auditandmonitoring/auditreports/auditscot/coreaudits/argyllbuteaudit,Document
631545,/enforcement/auditandmonitoring/auditreports/auditscot/coreaudits/clackmannanshirecoreaudit,Document
631602,/enforcement/auditandmonitoring/auditreports/auditscot/coreaudits/comhairlenaneilensrcoreaudit,Document
631548,/enforcement/auditandmonitoring/auditreports/auditscot/coreaudits/dumfriescoreaudit,Document
631605,/enforcement/auditandmonitoring/auditreports/auditscot/coreaudits/dundeecoreaudit,Document
631551,/enforcement/auditandmonitoring/auditreports/auditscot/coreaudits/eastayrshirecoreaudit,Document
631554,/enforcement/auditandmonitoring/auditreports/auditscot/coreaudits/eastdunbartonshireaudit,Document
631557,/enforcement/auditandmonitoring/auditreports/auditscot/coreaudits/eastlothiancoreaudit,Document
631626,/enforcement/auditandmonitoring/auditreports/auditscot/coreaudits/edinburghcoreaudit,Document
631560,/enforcement/auditandmonitoring/auditreports/auditscot/coreaudits/erenfrewcoreaudit,Document
631563,/enforcement/auditandmonitoring/auditreports/auditscot/coreaudits/falkirkcoreaudit,Document
631566,/enforcement/auditandmonitoring/auditreports/auditscot/coreaudits/fifecoreaudit,Document
631569,/enforcement/auditandmonitoring/auditreports/auditscot/coreaudits/glasgowcoreaudit,Document
631608,/enforcement/auditandmonitoring/auditreports/auditscot/coreaudits/highlandcoreaudit,Document
631572,/enforcement/auditandmonitoring/auditreports/auditscot/coreaudits/inverclyde,Document
631575,/enforcement/auditandmonitoring/auditreports/auditscot/coreaudits/midlothiancoreaudit,Document
631623,/enforcement/auditandmonitoring/auditreports/auditscot/coreaudits/moraycoreaudit,Document
631578,/enforcement/auditandmonitoring/auditreports/auditscot/coreaudits/nayrshirecoreaudit,Document
631581,/enforcement/auditandmonitoring/auditreports/auditscot/coreaudits/nlanarkshirecoreaudit,Document
631611,/enforcement/auditandmonitoring/auditreports/auditscot/coreaudits/orkneyislandscoreaudit,Document
631584,/enforcement/auditandmonitoring/auditreports/auditscot/coreaudits/perthkinrossaudit,Document
631587,/enforcement/auditandmonitoring/auditreports/auditscot/coreaudits/renfrewshirecoreaudit,Document
631590,/enforcement/auditandmonitoring/auditreports/auditscot/coreaudits/scottishboarderscoreaudit,Document
631593,/enforcement/auditandmonitoring/auditreports/auditscot/coreaudits/shetlandcoreaudit0111,Document
631617,/enforcement/auditandmonitoring/auditreports/auditscot/coreaudits/slanarkshirecoreaudit,Document
631632,/enforcement/auditandmonitoring/auditreports/auditscot/coreaudits/southayrshirecoreaudit,Document
631596,/enforcement/auditandmonitoring/auditreports/auditscot/coreaudits/stirlingcoreaudit,Document
631599,/enforcement/auditandmonitoring/auditreports/auditscot/coreaudits/wdunbartonshirecoreaudit,Document
631620,/enforcement/auditandmonitoring/auditreports/auditscot/coreaudits/westlothiancoreaudit,Document
557628,/enforcement/auditandmonitoring/auditreports/auditscot/scotlandaudits2010/dundeeaudit2010,Document
561038,/enforcement/auditandmonitoring/auditreports/auditscot/scotlandaudits2010/eastdunbartonshire2010,Document
565638,/enforcement/auditandmonitoring/auditreports/auditscot/scotlandaudits2010/midlothianaudit2010,Document
558791,/enforcement/auditandmonitoring/auditreports/auditscot/scotlandaudits2010/orkneyaudit2010,Document
558795,/enforcement/auditandmonitoring/auditreports/auditscot/scotlandaudits2010/perthkinrossaudit2010,Document
562794,/enforcement/auditandmonitoring/auditreports/auditscot/scotlandaudits2010/westdunbartonshireaudit2010,Document
557632,/enforcement/auditandmonitoring/auditreports/auditscot/scotlandaudits2010/westlothianaudit2010,Document
564798,/enforcement/auditandmonitoring/auditreports/auditwales/auditwales2010/auditswansea/swanseaaudit,Document
564130,/enforcement/auditandmonitoring/auditreports/auditwales/auditwales2010/audittorfaen/torfaenaudit2010,Document
568046,/enforcement/auditandmonitoring/auditreports/auditwales/auditwales2010/blaenaugwentaudit2010/blaenaugwentaudit,Document
575662,/enforcement/auditandmonitoring/auditreports/auditwales/auditwales2011/auditnewport/newportaudit,Document
602715,/enforcement/auditandmonitoring/auditreports/auditwales/auditwales2011/audittorfaen/torfaenaudit,Document
602720,/enforcement/auditandmonitoring/auditreports/auditwales/auditwales2011/auditvaleofglamorgan/valeofglamorganaudit,Document
602742,/enforcement/auditandmonitoring/auditreports/auditwales/auditwales2011/wrexhamaudit2011/wrexhamaudit2011,Document
711741,/enforcement/auditandmonitoring/auditreports/auditwales/auditwales2013/bridgendaudit2013/bridgend2013audit,Document
711748,/enforcement/auditandmonitoring/auditreports/auditwales/auditwales2013/monmouthshireaudit2013/monmouthshireaudit2013,Document
631641,/enforcement/auditandmonitoring/auditreports/auditwales/auditwalesyr4/auditwalesbridgendbranch/bridgendaudit,Document
631650,/enforcement/auditandmonitoring/auditreports/auditwales/auditwalesyr4/auditwalesgwyneddbranch/gwyneddaudit,Document
631659,/enforcement/auditandmonitoring/auditreports/auditwales/auditwalesyr4/auditwalesmerthyrtydfilbranch/merthyrtydfilauditreport,Document
631668,/enforcement/auditandmonitoring/auditreports/auditwales/auditwalesyr4/auditwalesmonmouthshirebranch/monmouthshireaudit,Document
631677,/enforcement/auditandmonitoring/auditreports/auditwales/auditwalesyr4/auditwalespembrokesbranch/pembrokeshireaudit,Document
631686,/enforcement/auditandmonitoring/auditreports/auditwales/auditwalesyr4/auditwalespowysbranch/powysaudit,Document
631695,/enforcement/auditandmonitoring/auditreports/auditwales/auditwalesyr4/auditwalesswanseabranch/swanseaaudit,Document
631704,/enforcement/auditandmonitoring/auditreports/auditwales/auditwalesyr5/auditwalescaerphillybranch/caerphillyaudit,Document
631713,/enforcement/auditandmonitoring/auditreports/auditwales/auditwalesyr5/auditwalesneathporttalbotbranch/neathporttalbotaudit,Document