540320,/news-updates/consultations/consultations-england/2010/animalfeedregs2010eng
561637,/news-updates/consultations/consultations-england/2010/bisphenolapmacfregs2011eng
547298,/news-updates/consultations/consultations-england/2010/draftcontam2010eng
550550,/news-updates/consultations/consultations-england/2010/enforcementfoodflavouringseng
548864,/news-updates/consultations/consultations-england/2010/eufoodadditiveslegislationeng
534725,/news-updates/consultations/consultations-england/2010/farmersrecordkeepingguidanceeng
535293,/news-updates/consultations/consultations-england/2010/feedregulations2010eng
546815,/news-updates/consultations/consultations-england/2010/foodbornediseasestrategyeng
540462,/news-updates/consultations/consultations-england/2010/foodhygieneregs2010engamend2
548576,/news-updates/consultations/consultations-england/2010/foodirradiationregseng2010
539519,/news-updates/consultations/consultations-england/2010/fsaguidanceappdatemarksfoodeng
536166,/news-updates/consultations/consultations-england/2010/materialsarticlesfoodregs2010eng
529253,/news-updates/consultations/consultations-england/2010/nutritionhealthclaimsregseng2010
555056,/news-updates/consultations/consultations-england/2010/offcregs2011eng
538346,/news-updates/consultations/consultations-england/2010/officialinspectiondairysectoreng
558437,/news-updates/consultations/consultations-england/2010/officialmeatcont1110e
549827,/news-updates/consultations/consultations-england/2010/reducingriskecolio157eng
532811,/news-updates/consultations/consultations-england/2010/reviewofregulatoryframeworkeng
553401,/news-updates/consultations/consultations-england/2010/testingmethodsmarinebiotoxinseng
540342,/news-updates/consultations/consultations-england/2010/vitaminsmineralsregs2010eng
530513,/news-updates/consultations/consultations-england/2010/waterregs2010amend2eng
595532,/news-updates/consultations/consultations-england/2011/additivessolventsregs2012eng
571625,/news-updates/consultations/consultations-england/2011/bsetestingeng
566827,/news-updates/consultations/consultations-england/2011/extenremedialactionnoticeseng
573936,/news-updates/consultations/consultations-england/2011/extractionsolventsregs2011eng
570054,/news-updates/consultations/consultations-england/2011/foodadditivseregs2011amend2eng
595082,/news-updates/consultations/consultations-england/2011/foodhygieneregs2012eng
561448,/news-updates/consultations/consultations-england/2011/onfarmdairyhygienecontrolseng
572711,/news-updates/consultations/consultations-england/2011/plastickitchenwareregs2011eng
595120,/news-updates/consultations/consultations-england/2011/registrationchildmindfoodbuseng
595151,/news-updates/consultations/consultations-england/2011/registrationcommunityhallseng
583741,/news-updates/consultations/consultations-england/2011/revocationauthorisedoffregseng
630238,/news-updates/consultations/consultations-england/2012/consulation-amendments-traceability
633722,/news-updates/consultations/consultations-england/2012/foodregseng2013
605715,/news-updates/consultations/consultations-england/2012/iacommissionregeu12762011eng
598482,/news-updates/consultations/consultations-england/2012/materialsarticlesfoodregs2012eng
647998,/news-updates/consultations/consultations-england/2012/radioactivity-consult
605191,/news-updates/consultations/consultations-england/2012/reviewfoodsafetysampqualregseng
605839,/news-updates/consultations/consultations-england/2012/reviewframepolicymakingfsaeng
650560,/news-updates/consultations/consultations-england/2013/aluminium-consult
667323,/news-updates/consultations/consultations-england/2013/complianceadditives-consult-eng
664998,/news-updates/consultations/consultations-england/2013/contaminantsinfood-engconsult2013
677118,/news-updates/consultations/consultations-england/2013/fatsoils-consult-eng
683646,/news-updates/consultations/consultations-england/2013/food-safety-hygiene-regs-2013
664642,/news-updates/consultations/consultations-england/2013/foodadditives-consulteng2013
679870,/news-updates/consultations/consultations-england/2013/fsa-review-poe
698352,/news-updates/consultations/consultations-england/2013/phytosterols-consult-eng
656819,/news-updates/consultations/consultations-england/2013/villagehall-consult
707884,/news-updates/consultations/consultations-england/2014/pigmeat-inspect-consult
701360,/news-updates/consultations/consultations-england/2014/rawmilk-consult
703758,/news-updates/consultations/consultations-england/2014/smoke-flavouring-engconsult
540728,/news-updates/consultations/consultations-northern-ireland/2010/animalfeedregs2010ni
561802,/news-updates/consultations/consultations-northern-ireland/2010/bisphenolapmacfregs2011ni
547283,/news-updates/consultations/consultations-northern-ireland/2010/contfoodni
550632,/news-updates/consultations/consultations-northern-ireland/2010/enforcementfoodflavouringsni
548988,/news-updates/consultations/consultations-northern-ireland/2010/eufoodadditiveslegislationni
541353,/news-updates/consultations/consultations-northern-ireland/2010/farmersrecordkeepingguidanceni
535433,/news-updates/consultations/consultations-northern-ireland/2010/feedregulations2010ni
546982,/news-updates/consultations/consultations-northern-ireland/2010/foodbornediseasestrategyni
540680,/news-updates/consultations/consultations-northern-ireland/2010/foodhygieneregs2010niamend2
548671,/news-updates/consultations/consultations-northern-ireland/2010/foodirradiationregsni2010
561863,/news-updates/consultations/consultations-northern-ireland/2010/fruitjuicesnectarregs2011ni
539971,/news-updates/consultations/consultations-northern-ireland/2010/fsaguidanceappdatemarksfoodni
536542,/news-updates/consultations/consultations-northern-ireland/2010/materialsarticlesfoodregs2010ni
529735,/news-updates/consultations/consultations-northern-ireland/2010/nutritionhealthclaimsregsni2010
555081,/news-updates/consultations/consultations-northern-ireland/2010/offcregs2011ni
558537,/news-updates/consultations/consultations-northern-ireland/2010/officialmeatcont1110ni
549886,/news-updates/consultations/consultations-northern-ireland/2010/reducingriskecolio157ni
533263,/news-updates/consultations/consultations-northern-ireland/2010/reviewofregulatoryframeworkni
554106,/news-updates/consultations/consultations-northern-ireland/2010/testingmethodsmarinebiotoxinsni
539021,/news-updates/consultations/consultations-northern-ireland/2010/testoxytetracyclineresiduesni
540669,/news-updates/consultations/consultations-northern-ireland/2010/vitaminsmineralsregs2010ni
531197,/news-updates/consultations/consultations-northern-ireland/2010/waterregs2010amend2ni
552234,/news-updates/consultations/consultations-northern-ireland/2010/waterregs2010amend3ni
595614,/news-updates/consultations/consultations-northern-ireland/2011/additivessolventsregs2012ni
564390,/news-updates/consultations/consultations-northern-ireland/2011/biotoxinmonitoringproglarnelough
567003,/news-updates/consultations/consultations-northern-ireland/2011/extenremedialactionnoticesni
574252,/news-updates/consultations/consultations-northern-ireland/2011/extractionsolventsni
570082,/news-updates/consultations/consultations-northern-ireland/2011/foodadditivseregs2011amend2ni
595717,/news-updates/consultations/consultations-northern-ireland/2011/foodhygieneregs2012ni
583012,/news-updates/consultations/consultations-northern-ireland/2011/foodinfantchildrenmedicalregsni
570275,/news-updates/consultations/consultations-northern-ireland/2011/jointconsultni
564361,/news-updates/consultations/consultations-northern-ireland/2011/onfarmdairyhygienecontrolsni
573290,/news-updates/consultations/consultations-northern-ireland/2011/plastickitchenwareregs2011ni
583880,/news-updates/consultations/consultations-northern-ireland/2011/revocationauthorisedoffregsni
630508,/news-updates/consultations/consultations-northern-ireland/2012/animalorigni
637899,/news-updates/consultations/consultations-northern-ireland/2012/fishlabellingni2012
648535,/news-updates/consultations/consultations-northern-ireland/2012/foodinforegs2013ni
633799,/news-updates/consultations/consultations-northern-ireland/2012/foodregsni2013
612073,/news-updates/consultations/consultations-northern-ireland/2012/fop-nut-labelling-ni
605786,/news-updates/consultations/consultations-northern-ireland/2012/iacommissionregeu12762011ni
599731,/news-updates/consultations/consultations-northern-ireland/2012/materialsarticlesfoodregs2012ni
648004,/news-updates/consultations/consultations-northern-ireland/2012/radioactivity-consultni
605387,/news-updates/consultations/consultations-northern-ireland/2012/reviewfoodsafetysampqualregsni
650920,/news-updates/consultations/consultations-northern-ireland/2013/aluminium-consult-ni
672405,/news-updates/consultations/consultations-northern-ireland/2013/caseins-consult-ni
668037,/news-updates/consultations/consultations-northern-ireland/2013/complianceadditives-consult-ni
672427,/news-updates/consultations/consultations-northern-ireland/2013/condensedmilk-consult-ni
665711,/news-updates/consultations/consultations-northern-ireland/2013/contaminants-consult-ni
677429,/news-updates/consultations/consultations-northern-ireland/2013/fatoils-consult-ni
669139,/news-updates/consultations/consultations-northern-ireland/2013/foodadditives-consultni2013
677060,/news-updates/consultations/consultations-northern-ireland/2013/foodlaw-ni
673005,/news-updates/consultations/consultations-northern-ireland/2013/fruitjuices-consult-ni
694089,/news-updates/consultations/consultations-northern-ireland/2013/infantformula-ni
672994,/news-updates/consultations/consultations-northern-ireland/2013/jam-consult-ni
652762,/news-updates/consultations/consultations-northern-ireland/2013/mandfhrs-consult-ni
698394,/news-updates/consultations/consultations-northern-ireland/2013/phytosterols-consult-ni
691053,/news-updates/consultations/consultations-northern-ireland/2013/revocationdereg-ni-consult
684708,/news-updates/consultations/consultations-northern-ireland/2013/sproutingseeds-ni-consult
700940,/news-updates/consultations/consultations-northern-ireland/2014/meatproducts-consult-ni
707992,/news-updates/consultations/consultations-northern-ireland/2014/pigmeat-inspect-consult-ni
701467,/news-updates/consultations/consultations-northern-ireland/2014/rawmilk-consult-ni
704049,/news-updates/consultations/consultations-northern-ireland/2014/smoke-flavouring-consult-ni
540836,/news-updates/consultations/consultations-scotland/2010/animalfeedregs2010scot
561727,/news-updates/consultations/consultations-scotland/2010/bisphenolapmacfregs2011scot
532602,/news-updates/consultations/consultations-scotland/2010/countryoforiginscotland
547714,/news-updates/consultations/consultations-scotland/2010/draftcontam2010scot
550802,/news-updates/consultations/consultations-scotland/2010/enforcementfoodflavouringsscot
551772,/news-updates/consultations/consultations-scotland/2010/enforcementguidefoodfeedhygiene
549352,/news-updates/consultations/consultations-scotland/2010/eufoodadditiveslegislationscot
540089,/news-updates/consultations/consultations-scotland/2010/farmersrecordkeepingguidancescot
535306,/news-updates/consultations/consultations-scotland/2010/feedregulations2010scot
546894,/news-updates/consultations/consultations-scotland/2010/foodbornediseasestrategyscot
540845,/news-updates/consultations/consultations-scotland/2010/foodhygieneregs2010scotamend2
548632,/news-updates/consultations/consultations-scotland/2010/foodirradiationregsscot2010
561679,/news-updates/consultations/consultations-scotland/2010/fruitjuicesnectarregs2011scot
540258,/news-updates/consultations/consultations-scotland/2010/fsaguidanceappdatemarksfoodscot
536622,/news-updates/consultations/consultations-scotland/2010/materialsarticlefoodregs2010scot
529800,/news-updates/consultations/consultations-scotland/2010/nutritionhealthclaimsregscot2010
555063,/news-updates/consultations/consultations-scotland/2010/offcregs2011scot
558497,/news-updates/consultations/consultations-scotland/2010/officialmeatcont1110scot
549902,/news-updates/consultations/consultations-scotland/2010/reducingriskecolio157scot
533269,/news-updates/consultations/consultations-scotland/2010/reviewofregulatoryframeworkscot
554068,/news-updates/consultations/consultations-scotland/2010/testingmethodsmarinebiotoxinscot
538866,/news-updates/consultations/consultations-scotland/2010/testoxytetracyclineresiduesscot
540624,/news-updates/consultations/consultations-scotland/2010/vitaminsmineralsregs2010scot
530861,/news-updates/consultations/consultations-scotland/2010/waterregs2010amend2scot
552061,/news-updates/consultations/consultations-scotland/2010/waterregs2010amend3scot
570024,/news-updates/consultations/consultations-scotland/2011/bsetestingscot
566863,/news-updates/consultations/consultations-scotland/2011/extenremedialactionnoticesscot
574567,/news-updates/consultations/consultations-scotland/2011/extractionsolventsregs2011scot
571143,/news-updates/consultations/consultations-scotland/2011/foodadditivesregs2011amend2scot
595932,/news-updates/consultations/consultations-scotland/2011/foodadditivesregs2012scot
595310,/news-updates/consultations/consultations-scotland/2011/foodhygieneregs2012scot
583034,/news-updates/consultations/consultations-scotland/2011/foodinfantchildrenmedicalregscot
574612,/news-updates/consultations/consultations-scotland/2011/plastickitchenwareregs2011scot
583916,/news-updates/consultations/consultations-scotland/2011/revocationauthorisedoffregsscot
648673,/news-updates/consultations/consultations-scotland/2012/fir-scotland-consult
637745,/news-updates/consultations/consultations-scotland/2012/fishlabelscot
636599,/news-updates/consultations/consultations-scotland/2012/food-revs-scot
612041,/news-updates/consultations/consultations-scotland/2012/fop-nutrition
599235,/news-updates/consultations/consultations-scotland/2012/materialsarticlesfoodregs2012scot
607430,/news-updates/consultations/consultations-scotland/2012/reviewfoodsafetysampqualregscot
606591,/news-updates/consultations/consultations-scotland/2012/reviewpolicyscotland
668061,/news-updates/consultations/consultations-scotland/2013/complianceadditives-consult-scot
658038,/news-updates/consultations/consultations-scotland/2013/contaminants-scot-consult
673255,/news-updates/consultations/consultations-scotland/2013/fatsoils-consult-scot
666257,/news-updates/consultations/consultations-scotland/2013/foodadditives-consultscot2013
658159,/news-updates/consultations/consultations-scotland/2013/foodandfeed-consult-scot
697783,/news-updates/consultations/consultations-scotland/2013/foodlaw-cop-scot
673959,/news-updates/consultations/consultations-scotland/2013/fruitjuices-consult-scots
693937,/news-updates/consultations/consultations-scotland/2013/infantformula-scot
674179,/news-updates/consultations/consultations-scotland/2013/jam-consult-scot
698335,/news-updates/consultations/consultations-scotland/2013/phytosterols-consult-scot
684887,/news-updates/consultations/consultations-scotland/2013/sproutinseeds-scot-consult
709558,/news-updates/consultations/consultations-scotland/2014/meatproducts-consult-scot
707833,/news-updates/consultations/consultations-scotland/2014/pigmeat-inspect-consult-scot
703250,/news-updates/consultations/consultations-scotland/2014/shellfish-guidance-scot
703648,/news-updates/consultations/consultations-scotland/2014/smoke-flavouring-consult
560453,/news-updates/consultations/consultations-uk/2010/fsarevisedstrategy20102015
540075,/news-updates/consultations/consultations-uk/2010/proposedeuchangeslycopenelevels
573342,/news-updates/consultations/consultations-uk/2011/frameworkonuseofexternaldata
593289,/news-updates/consultations/consultations-uk/2011/removalpostchernobylsheepcontrol
595349,/news-updates/consultations/consultations-uk/2011/riskprofiletoxoplasmafoodchain
686013,/news-updates/consultations/consultations-uk/2013/feedlawcopreview-consult
675534,/news-updates/consultations/consultations-uk/2013/foodlawcop-consult
690285,/news-updates/consultations/consultations-uk/2013/officialcontrols-consult
704422,/news-updates/consultations/consultations-uk/2014/fbo-audit-consult
707704,/news-updates/consultations/consultations-uk/2014/viruses-food-chain
540611,/news-updates/consultations/consultations-wales/2010/animalfeedregs2010wales
561856,/news-updates/consultations/consultations-wales/2010/bisphenolapmacfregs2011wales
548012,/news-updates/consultations/consultations-wales/2010/draftcontam2010wales
550592,/news-updates/consultations/consultations-wales/2010/enforcementfoodflavouringswales
549308,/news-updates/consultations/consultations-wales/2010/eufoodadditiveslegislationwales
534974,/news-updates/consultations/consultations-wales/2010/farmerrecordkeepingguidancewales
535333,/news-updates/consultations/consultations-wales/2010/feedregulations2010wales
546911,/news-updates/consultations/consultations-wales/2010/foodbornediseasestrategywales
540923,/news-updates/consultations/consultations-wales/2010/foodhygieneregs2010walesamend2
548618,/news-updates/consultations/consultations-wales/2010/foodirradiationregswales2010
561893,/news-updates/consultations/consultations-wales/2010/fruitjuicesnectarregs2011wales
539826,/news-updates/consultations/consultations-wales/2010/fsaguidanceappdatemarksfoodwales
537930,/news-updates/consultations/consultations-wales/2010/materialsarticlesfoodregs2010wal
529300,/news-updates/consultations/consultations-wales/2010/nutritionhealthclaimsregswal2010
555123,/news-updates/consultations/consultations-wales/2010/offcregs2011wales
538531,/news-updates/consultations/consultations-wales/2010/officialinspectiondairysectorwal
558513,/news-updates/consultations/consultations-wales/2010/officialmeatcont1110wales
549866,/news-updates/consultations/consultations-wales/2010/reducingriskecolio157wales
532975,/news-updates/consultations/consultations-wales/2010/reviewofregulatoryframeworkwales
554163,/news-updates/consultations/consultations-wales/2010/testingmethodsmarinebiotoxinswal
539079,/news-updates/consultations/consultations-wales/2010/testoxytetracyclineresidueswales
540575,/news-updates/consultations/consultations-wales/2010/vitaminsmineralsregs2010wales
551875,/news-updates/consultations/consultations-wales/2010/waterregs2010amend2wal
530631,/news-updates/consultations/consultations-wales/2010/waterregs2010amend2wales
595992,/news-updates/consultations/consultations-wales/2011/additivessolventsregs2012wales
571644,/news-updates/consultations/consultations-wales/2011/bsetestingwales
567083,/news-updates/consultations/consultations-wales/2011/extenremedialactionnoticeswales
576551,/news-updates/consultations/consultations-wales/2011/extractionsolventsregs2011wales
570297,/news-updates/consultations/consultations-wales/2011/foodadditivseregs2011amend2wales
595162,/news-updates/consultations/consultations-wales/2011/foodhygieneregs2012wales
590304,/news-updates/consultations/consultations-wales/2011/localauthorityauditratingscheme
564323,/news-updates/consultations/consultations-wales/2011/onfarmdairyhygienecontrolswales
572731,/news-updates/consultations/consultations-wales/2011/plastickitchenwareregs2011wales
584001,/news-updates/consultations/consultations-wales/2011/revocationauthorisedoffregswales
630593,/news-updates/consultations/consultations-wales/2012/animalorigwales
648505,/news-updates/consultations/consultations-wales/2012/fir-wales-2013
636619,/news-updates/consultations/consultations-wales/2012/fish-wales-regs
635057,/news-updates/consultations/consultations-wales/2012/foodregswal2013
605772,/news-updates/consultations/consultations-wales/2012/iareg8532004
599067,/news-updates/consultations/consultations-wales/2012/materialsarticlesfoodregs2012wal
648007,/news-updates/consultations/consultations-wales/2012/radioactivity-consultw
605526,/news-updates/consultations/consultations-wales/2012/reviewfoodsafetysampqualregswal
605889,/news-updates/consultations/consultations-wales/2012/reviewframepolicymakingfsaw
679740,/news-updates/consultations/consultations-wales/2013/caseins-wales2013
667605,/news-updates/consultations/consultations-wales/2013/complianceadditives-consult-wal
679827,/news-updates/consultations/consultations-wales/2013/consult-condensed-dried-milk-wales
670038,/news-updates/consultations/consultations-wales/2013/contaminants-wales-consult
677187,/news-updates/consultations/consultations-wales/2013/fatsoils-consult-wales
680266,/news-updates/consultations/consultations-wales/2013/foodadditives-wales-2013
688026,/news-updates/consultations/consultations-wales/2013/foodlawcop-wales
679683,/news-updates/consultations/consultations-wales/2013/fuit-regs-2013w
682006,/news-updates/consultations/consultations-wales/2013/jam-consult-wales2013
698036,/news-updates/consultations/consultations-wales/2013/phytosterols-consult-wales
683444,/news-updates/consultations/consultations-wales/2013/sproutingseeds-wales-consult
712888,/news-updates/consultations/consultations-wales/2014/foodhygiene2014-consult-wales
700857,/news-updates/consultations/consultations-wales/2014/meatproducts-consult-wales
707916,/news-updates/consultations/consultations-wales/2014/pigmeat-inspect-consult-wales
701372,/news-updates/consultations/consultations-wales/2014/rawmilk-consult-wales
703920,/news-updates/consultations/consultations-wales/2014/smoke-flavouring-wales-consult
715737,/news-updates/consultations/consultations-wales/2014/transport-oilsfats-consult-wales
361386,/userdatarep/testdocumenttwo
353392,/wales/about-fsa-wales/cymru/ymgynghori/nghymru/2006/datgan
351763,/wales/about-fsa-wales/cymru/ymgynghori/nghymru/2006/eufarmhygienecymraeg
329545,/wales/about-fsa-wales/cymru/ymgynghori/nghymru/2006/feedamendwelsh06
343029,/wales/about-fsa-wales/cymru/ymgynghori/nghymru/2006/feedlawcopwelsh
340552,/wales/about-fsa-wales/cymru/ymgynghori/nghymru/2006/feedsubstanceswe
341382,/wales/about-fsa-wales/cymru/ymgynghori/nghymru/2006/mocchargeswelsh
349581,/wales/about-fsa-wales/cymru/ymgynghori/nghymru/2006/parnuts06welsh
348478,/wales/about-fsa-wales/cymru/ymgynghori/nghymru/2006/qffwelsh
401547,/wales/about-fsa-wales/cymru/ymgynghori/nghymru/2007/competencywelsh
381198,/wales/about-fsa-wales/cymru/ymgynghori/nghymru/2007/deswelsh
394210,/wales/about-fsa-wales/cymru/ymgynghori/nghymru/2007/feedguidegoodpracticew
425657,/wales/about-fsa-wales/cymru/ymgynghori/nghymru/2007/fpncymraeg
422377,/wales/about-fsa-wales/cymru/ymgynghori/nghymru/2007/hygcym2008
431316,/wales/about-fsa-wales/cymru/ymgynghori/nghymru/2007/infformcymraeg2007
440411,/wales/about-fsa-wales/cymru/ymgynghori/nghymru/2007/llaethsychallaethtew
431336,/wales/about-fsa-wales/cymru/ymgynghori/nghymru/2007/mocccymraeg2008
427233,/wales/about-fsa-wales/cymru/ymgynghori/nghymru/2007/tsebeefboneswelsh2007
420100,/wales/about-fsa-wales/cymru/ymgynghori/nghymru/2007/undsub2007welsh
435014,/wales/about-fsa-wales/cymru/ymgynghori/nghymru/2007/welshhoneycym
430284,/wales/about-fsa-wales/cymru/ymgynghori/nghymru/2007/wlscymraeg2007
467787,/wales/about-fsa-wales/cymru/ymgynghori/nghymru/2008/botwliaeth
455958,/wales/about-fsa-wales/cymru/ymgynghori/nghymru/2008/bwydyddnewydd
456907,/wales/about-fsa-wales/cymru/ymgynghori/nghymru/2008/cynhyrchuwyau
453500,/wales/about-fsa-wales/cymru/ymgynghori/nghymru/2008/cynniggymunedewropeaiddcym
445284,/wales/about-fsa-wales/cymru/ymgynghori/nghymru/2008/CynnigRheoliadNewyddcym
454076,/wales/about-fsa-wales/cymru/ymgynghori/nghymru/2008/deddfdiogelwchbwydcanllawcym
465679,/wales/about-fsa-wales/cymru/ymgynghori/nghymru/2008/diwygiofformiwla
477824,/wales/about-fsa-wales/cymru/ymgynghori/nghymru/2008/draftfeedingstuffs2009
449052,/wales/about-fsa-wales/cymru/ymgynghori/nghymru/2008/dullyrasiantaethcym
483547,/wales/about-fsa-wales/cymru/ymgynghori/nghymru/2008/foodcontwelsh
480426,/wales/about-fsa-wales/cymru/ymgynghori/nghymru/2008/foodoperwelsh
448675,/wales/about-fsa-wales/cymru/ymgynghori/nghymru/2008/labelumaethcym
488302,/wales/about-fsa-wales/cymru/ymgynghori/nghymru/2008/meathygienechargeswelsh
471888,/wales/about-fsa-wales/cymru/ymgynghori/nghymru/2008/plascym2008
449638,/wales/about-fsa-wales/cymru/ymgynghori/nghymru/2008/rheoliadaudrafftcym
467052,/wales/about-fsa-wales/cymru/ymgynghori/nghymru/2008/rheoliaddrafftycomisiwn
479952,/wales/about-fsa-wales/cymru/ymgynghori/nghymru/2008/settingnutprofileswelsh
460170,/wales/about-fsa-wales/cymru/ymgynghori/nghymru/2008/sotdcym
518610,/wales/about-fsa-wales/cymru/ymgynghori/nghymru/2009/atchwaneg
527828,/wales/about-fsa-wales/cymru/ymgynghori/nghymru/2009/caloriau
509769,/wales/about-fsa-wales/cymru/ymgynghori/nghymru/2009/ffram
488128,/wales/about-fsa-wales/cymru/ymgynghori/nghymru/2009/fishconswelsh
517890,/wales/about-fsa-wales/cymru/ymgynghori/nghymru/2009/labelubras
517896,/wales/about-fsa-wales/cymru/ymgynghori/nghymru/2009/llaeth
513111,/wales/about-fsa-wales/cymru/ymgynghori/nghymru/2009/parnuts2010welsh
520569,/wales/about-fsa-wales/cymru/ymgynghori/nghymru/2009/parnutscymru09
492207,/wales/about-fsa-wales/cymru/ymgynghori/nghymru/2009/rheolarbelbwyd
499027,/wales/about-fsa-wales/cymru/ymgynghori/nghymru/2009/strategaeth2010
498480,/wales/about-fsa-wales/cymru/ymgynghori/nghymru/2009/ymgdatmath09
548635,/wales/about-fsa-wales/cymru/ymgynghori/nghymru/2010/arbelydru
554165,/wales/about-fsa-wales/cymru/ymgynghori/nghymru/2010/biotocsinaumorol
561770,/wales/about-fsa-wales/cymru/ymgynghori/nghymru/2010/bisphenolacymru
535490,/wales/about-fsa-wales/cymru/ymgynghori/nghymru/2010/bwydanifeiliaid2010
549871,/wales/about-fsa-wales/cymru/ymgynghori/nghymru/2010/ecoli
539028,/wales/about-fsa-wales/cymru/ymgynghori/nghymru/2010/efb
561901,/wales/about-fsa-wales/cymru/ymgynghori/nghymru/2010/ffrwythauaneithdarau
548175,/wales/about-fsa-wales/cymru/ymgynghori/nghymru/2010/halogion
539785,/wales/about-fsa-wales/cymru/ymgynghori/nghymru/2010/nodaudyddiad
555139,/wales/about-fsa-wales/cymru/ymgynghori/nghymru/2010/rheolaethauswyddogol
551902,/wales/about-fsa-wales/cymru/ymgynghori/nghymru/2010/rheoliadaudwr
560493,/wales/about-fsa-wales/cymru/ymgynghori/nghymru/2010/stratddiw
546923,/wales/about-fsa-wales/cymru/ymgynghori/nghymru/2010/strategaeth
558718,/wales/about-fsa-wales/cymru/ymgynghori/nghymru/2010/taliadaurheolaethaucig
549396,/wales/about-fsa-wales/cymru/ymgynghori/nghymru/2010/ychbwyd
593395,/wales/about-fsa-wales/cymru/ymgynghori/nghymru/2011/chernobyl
596864,/wales/about-fsa-wales/cymru/ymgynghori/nghymru/2011/echdynnumewnbwyd
595148,/wales/about-fsa-wales/cymru/ymgynghori/nghymru/2011/hylendidbwyd2012
564270,/wales/about-fsa-wales/cymru/ymgynghori/nghymru/2011/hylendidllaeth
572813,/wales/about-fsa-wales/cymru/ymgynghori/nghymru/2011/llestriceginplastig
571781,/wales/about-fsa-wales/cymru/ymgynghori/nghymru/2011/profibse
567104,/wales/about-fsa-wales/cymru/ymgynghori/nghymru/2011/ranscymru
584013,/wales/about-fsa-wales/cymru/ymgynghori/nghymru/2011/swyddogionawdurdodedig
570699,/wales/about-fsa-wales/cymru/ymgynghori/nghymru/2011/ychwanegionbwydlycopene
576587,/wales/about-fsa-wales/cymru/ymgynghori/nghymru/2011/ymgtoddyddion
647942,/wales/about-fsa-wales/cymru/ymgynghori/nghymru/2012/FIRCymraeg
606526,/wales/about-fsa-wales/cymru/ymgynghori/nghymru/2012/iareg8532004cym
636761,/wales/about-fsa-wales/cymru/ymgynghori/nghymru/2012/labelupysgod2012
606147,/wales/about-fsa-wales/cymru/ymgynghori/nghymru/2012/reviewframepolicymakingcym
634955,/wales/about-fsa-wales/cymru/ymgynghori/nghymru/2012/rheolbwydcymru2013
599100,/wales/about-fsa-wales/cymru/ymgynghori/nghymru/2012/rheoldeunaceitem
630547,/wales/about-fsa-wales/cymru/ymgynghori/nghymru/2012/traaceabilitywelsh
647912,/wales/about-fsa-wales/cymru/ymgynghori/nghymru/2012/ymbelydreddmewnbwyd
687834,/wales/about-fsa-wales/cymru/ymgynghori/nghymru/2013/adolygiadcodymarfercyfraithbwyd
679781,/wales/about-fsa-wales/cymru/ymgynghori/nghymru/2013/casein
690377,/wales/about-fsa-wales/cymru/ymgynghori/nghymru/2013/cynnigrheolswydd
683526,/wales/about-fsa-wales/cymru/ymgynghori/nghymru/2013/egin-had
698269,/wales/about-fsa-wales/cymru/ymgynghori/nghymru/2013/ffytosterolau-cymru
679858,/wales/about-fsa-wales/cymru/ymgynghori/nghymru/2013/llaethcyddwys
679653,/wales/about-fsa-wales/cymru/ymgynghori/nghymru/2013/suddoedd-ffrwythau
682061,/wales/about-fsa-wales/cymru/ymgynghori/nghymru/2013/yngynghoriad-jam
707933,/wales/about-fsa-wales/cymru/ymgynghori/nghymru/2014/arolygiadau-cig-moch
704115,/wales/about-fsa-wales/cymru/ymgynghori/nghymru/2014/cyflasynnau-mwg
701021,/wales/about-fsa-wales/cymru/ymgynghori/nghymru/2014/cynhyrchion-cig
707750,/wales/about-fsa-wales/cymru/ymgynghori/nghymru/2014/feirysau-cadwyn-fwyd
701638,/wales/about-fsa-wales/cymru/ymgynghori/nghymru/2014/llaeth-amrwd
715796,/wales/about-fsa-wales/cymru/ymgynghori/nghymru/2014/olewauhylif-brasterau
713044,/wales/about-fsa-wales/cymru/ymgynghori/nghymru/2014/rheoliadau-hylendid-bwyd-2014
704570,/wales/about-fsa-wales/cymru/ymgynghori/nghymru/2014/trefniadauarchwilio
