436660,/science/ouradvisors/cot/51669,CommitteeDocumentCOT
452988,/science/ouradvisors/cot/cotinfoguide/,CommitteeBranchCOT
436163,/science/ouradvisors/cot/cotmtgs/,CommitteeBranchCOT
438091,/science/ouradvisors/cot/cotmtgs/cotmeets/,CommitteeBranchCOT
436166,/science/ouradvisors/cot/cotmtgs/cotmeets/cot_2003/,CommitteeBranchCOT
436070,/science/ouradvisors/cot/cotmtgs/cotmeets/cot_2003/107439/,CommitteeBranchCOT
436543,/science/ouradvisors/cot/cotmtgs/cotmeets/cot_2003/107439/agenda,CommitteeDocumentCOT
436690,/science/ouradvisors/cot/cotmtgs/cotmeets/cot_2003/107439/cotmins11feb2003,CommitteeDocumentCOT
436082,/science/ouradvisors/cot/cotmtgs/cotmeets/cot_2003/115049/,CommitteeBranchCOT
436558,/science/ouradvisors/cot/cotmtgs/cotmeets/cot_2003/115049/115059,CommitteeDocumentCOT
436702,/science/ouradvisors/cot/cotmtgs/cotmeets/cot_2003/115049/cotmin15april03,CommitteeDocumentCOT
436109,/science/ouradvisors/cot/cotmtgs/cotmeets/cot_2003/119237/,CommitteeBranchCOT
436585,/science/ouradvisors/cot/cotmtgs/cotmeets/cot_2003/119237/119240,CommitteeDocumentCOT
436740,/science/ouradvisors/cot/cotmtgs/cotmeets/cot_2003/119237/cotminutes20may2003.pdf,CommitteeDocumentCOT
436085,/science/ouradvisors/cot/cotmtgs/cotmeets/cot_2003/126937/,CommitteeBranchCOT
436657,/science/ouradvisors/cot/cotmtgs/cotmeets/cot_2003/126937/126940,CommitteeDocumentCOT
436705,/science/ouradvisors/cot/cotmtgs/cotmeets/cot_2003/126937/cotmin15july2003,CommitteeDocumentCOT
436112,/science/ouradvisors/cot/cotmtgs/cotmeets/cot_2003/143212/,CommitteeBranchCOT
436588,/science/ouradvisors/cot/cotmtgs/cotmeets/cot_2003/143212/143214,CommitteeDocumentCOT
436743,/science/ouradvisors/cot/cotmtgs/cotmeets/cot_2003/143212/cotmin21october2003,CommitteeDocumentCOT
436160,/science/ouradvisors/cot/cotmtgs/cotmeets/cot_2003/151703/,CommitteeBranchCOT
436654,/science/ouradvisors/cot/cotmtgs/cotmeets/cot_2003/151703/cotagenda9december2003,CommitteeDocumentCOT
436821,/science/ouradvisors/cot/cotmtgs/cotmeets/cot_2003/151703/cotmin9december2003,CommitteeDocumentCOT
436169,/science/ouradvisors/cot/cotmtgs/cotmeets/cot_2004/,CommitteeBranchCOT
436100,/science/ouradvisors/cot/cotmtgs/cotmeets/cot_2004/169681/,CommitteeBranchCOT
436579,/science/ouradvisors/cot/cotmtgs/cotmeets/cot_2004/169681/169684,CommitteeDocumentCOT
436731,/science/ouradvisors/cot/cotmtgs/cotmeets/cot_2004/169681/cotmin2february2004,CommitteeDocumentCOT
436130,/science/ouradvisors/cot/cotmtgs/cotmeets/cot_2004/235557/,CommitteeBranchCOT
436612,/science/ouradvisors/cot/cotmtgs/cotmeets/cot_2004/235557/cotagenda,CommitteeDocumentCOT
436770,/science/ouradvisors/cot/cotmtgs/cotmeets/cot_2004/235557/cotmin26october2004,CommitteeDocumentCOT
436157,/science/ouradvisors/cot/cotmtgs/cotmeets/cot_2004/cot070904/,CommitteeBranchCOT
436531,/science/ouradvisors/cot/cotmtgs/cotmeets/cot_2004/cot070904/cotagenda070904,CommitteeDocumentCOT
436818,/science/ouradvisors/cot/cotmtgs/cotmeets/cot_2004/cot070904/cotmin7september2004,CommitteeDocumentCOT
436103,/science/ouradvisors/cot/cotmtgs/cotmeets/cot_2004/cot200404/,CommitteeBranchCOT
436582,/science/ouradvisors/cot/cotmtgs/cotmeets/cot_2004/cot200404/cotagenda,CommitteeDocumentCOT
436734,/science/ouradvisors/cot/cotmtgs/cotmeets/cot_2004/cot200404/cotmin20april2004,CommitteeDocumentCOT
436127,/science/ouradvisors/cot/cotmtgs/cotmeets/cot_2004/cot250504/,CommitteeBranchCOT
436609,/science/ouradvisors/cot/cotmtgs/cotmeets/cot_2004/cot250504/cotagenda250504,CommitteeDocumentCOT
436767,/science/ouradvisors/cot/cotmtgs/cotmeets/cot_2004/cot250504/cotmin25may2004,CommitteeDocumentCOT
436022,/science/ouradvisors/cot/cotmtgs/cotmeets/cot2000/,CommitteeBranchCOT
436382,/science/ouradvisors/cot/cotmtgs/cotmeets/cot2000/cot01/,CommitteeBranchCOT
436606,/science/ouradvisors/cot/cotmtgs/cotmeets/cot2000/cot01/agenda,CommitteeDocumentCOT
436764,/science/ouradvisors/cot/cotmtgs/cotmeets/cot2000/cot01/minutes,CommitteeDocumentCOT
436403,/science/ouradvisors/cot/cotmtgs/cotmeets/cot2000/cot02/,CommitteeBranchCOT
436651,/science/ouradvisors/cot/cotmtgs/cotmeets/cot2000/cot02/agenda,CommitteeDocumentCOT
436815,/science/ouradvisors/cot/cotmtgs/cotmeets/cot2000/cot02/minutes,CommitteeDocumentCOT
436376,/science/ouradvisors/cot/cotmtgs/cotmeets/cot2000/cot0200/,CommitteeBranchCOT
436591,/science/ouradvisors/cot/cotmtgs/cotmeets/cot2000/cot0200/cotmeet0200,CommitteeDocumentCOT
436746,/science/ouradvisors/cot/cotmtgs/cotmeets/cot2000/cot0200/cotmin22feb2000,CommitteeDocumentCOT
436361,/science/ouradvisors/cot/cotmtgs/cotmeets/cot2000/cot03/,CommitteeBranchCOT
436546,/science/ouradvisors/cot/cotmtgs/cotmeets/cot2000/cot03/agenda,CommitteeDocumentCOT
436693,/science/ouradvisors/cot/cotmtgs/cotmeets/cot2000/cot03/cotmins11jul2000,CommitteeDocumentCOT
436397,/science/ouradvisors/cot/cotmtgs/cotmeets/cot2000/cot04/,CommitteeBranchCOT
436636,/science/ouradvisors/cot/cotmtgs/cotmeets/cot2000/cot04/agenda,CommitteeDocumentCOT
436800,/science/ouradvisors/cot/cotmtgs/cotmeets/cot2000/cot04/minutes,CommitteeDocumentCOT
436373,/science/ouradvisors/cot/cotmtgs/cotmeets/cot2000/cot05/,CommitteeBranchCOT
436570,/science/ouradvisors/cot/cotmtgs/cotmeets/cot2000/cot05/agenda,CommitteeDocumentCOT
436719,/science/ouradvisors/cot/cotmtgs/cotmeets/cot2000/cot05/minutes,CommitteeDocumentCOT
436394,/science/ouradvisors/cot/cotmtgs/cotmeets/cot2000/cot06/,CommitteeBranchCOT
436633,/science/ouradvisors/cot/cotmtgs/cotmeets/cot2000/cot06/agenda,CommitteeDocumentCOT
436794,/science/ouradvisors/cot/cotmtgs/cotmeets/cot2000/cot06/cotmins5dec2000,CommitteeDocumentCOT
436025,/science/ouradvisors/cot/cotmtgs/cotmeets/COT2001/,CommitteeBranchCOT
436400,/science/ouradvisors/cot/cotmtgs/cotmeets/COT2001/cot07/,CommitteeBranchCOT
436645,/science/ouradvisors/cot/cotmtgs/cotmeets/COT2001/cot07/agenda,CommitteeDocumentCOT
436809,/science/ouradvisors/cot/cotmtgs/cotmeets/COT2001/cot07/minutes,CommitteeDocumentCOT
436364,/science/ouradvisors/cot/cotmtgs/cotmeets/COT2001/cot08/,CommitteeBranchCOT
436552,/science/ouradvisors/cot/cotmtgs/cotmeets/COT2001/cot08/agenda,CommitteeDocumentCOT
436699,/science/ouradvisors/cot/cotmtgs/cotmeets/COT2001/cot08/minutes,CommitteeDocumentCOT
436358,/science/ouradvisors/cot/cotmtgs/cotmeets/COT2001/cot09/,CommitteeBranchCOT
436534,/science/ouradvisors/cot/cotmtgs/cotmeets/COT2001/cot09/agenda,CommitteeDocumentCOT
436684,/science/ouradvisors/cot/cotmtgs/cotmeets/COT2001/cot09/minutes,CommitteeDocumentCOT
436370,/science/ouradvisors/cot/cotmtgs/cotmeets/COT2001/cot10/,CommitteeBranchCOT
436567,/science/ouradvisors/cot/cotmtgs/cotmeets/COT2001/cot10/agenda,CommitteeDocumentCOT
436714,/science/ouradvisors/cot/cotmtgs/cotmeets/COT2001/cot10/minutes,CommitteeDocumentCOT
436391,/science/ouradvisors/cot/cotmtgs/cotmeets/COT2001/cot11/,CommitteeBranchCOT
436785,/science/ouradvisors/cot/cotmtgs/cotmeets/COT2001/cot11/42169,CommitteeDocumentCOT
436624,/science/ouradvisors/cot/cotmtgs/cotmeets/COT2001/cot11/agenda,CommitteeDocumentCOT
436367,/science/ouradvisors/cot/cotmtgs/cotmeets/COT2001/cot12/,CommitteeBranchCOT
436564,/science/ouradvisors/cot/cotmtgs/cotmeets/COT2001/cot12/Agenda,CommitteeDocumentCOT
436711,/science/ouradvisors/cot/cotmtgs/cotmeets/COT2001/cot12/cotmins161001,CommitteeDocumentCOT
436388,/science/ouradvisors/cot/cotmtgs/cotmeets/COT2001/cot13/,CommitteeBranchCOT
436621,/science/ouradvisors/cot/cotmtgs/cotmeets/COT2001/cot13/agenda,CommitteeDocumentCOT
436782,/science/ouradvisors/cot/cotmtgs/cotmeets/COT2001/cot13/minutes,CommitteeDocumentCOT
436028,/science/ouradvisors/cot/cotmtgs/cotmeets/COT2002/,CommitteeBranchCOT
436115,/science/ouradvisors/cot/cotmtgs/cotmeets/COT2002/93949/,CommitteeBranchCOT
436594,/science/ouradvisors/cot/cotmtgs/cotmeets/COT2002/93949/93952,CommitteeDocumentCOT
436749,/science/ouradvisors/cot/cotmtgs/cotmeets/COT2002/93949/cotminutes22oct2002,CommitteeDocumentCOT
436118,/science/ouradvisors/cot/cotmtgs/cotmeets/COT2002/AprMtg/,CommitteeBranchCOT
436046,/science/ouradvisors/cot/cotmtgs/cotmeets/COT2002/AprMtg/Agenda/,CommitteeBranchCOT
436752,/science/ouradvisors/cot/cotmtgs/cotmeets/COT2002/AprMtg/minutes,CommitteeDocumentCOT
436385,/science/ouradvisors/cot/cotmtgs/cotmeets/COT2002/cot14/,CommitteeBranchCOT
436615,/science/ouradvisors/cot/cotmtgs/cotmeets/COT2002/cot14/47933,CommitteeDocumentCOT
436773,/science/ouradvisors/cot/cotmtgs/cotmeets/COT2002/cot14/62592,CommitteeDocumentCOT
436094,/science/ouradvisors/cot/cotmtgs/cotmeets/COT2002/COT18Jun02/,CommitteeBranchCOT
436040,/science/ouradvisors/cot/cotmtgs/cotmeets/COT2002/COT18Jun02/agenda/,CommitteeBranchCOT
436725,/science/ouradvisors/cot/cotmtgs/cotmeets/COT2002/COT18Jun02/minutes,CommitteeDocumentCOT
436379,/science/ouradvisors/cot/cotmtgs/cotmeets/COT2002/cot23jul02/,CommitteeBranchCOT
436597,/science/ouradvisors/cot/cotmtgs/cotmeets/COT2002/cot23jul02/agenda,CommitteeDocumentCOT
436755,/science/ouradvisors/cot/cotmtgs/cotmeets/COT2002/cot23jul02/minutes,CommitteeDocumentCOT
436064,/science/ouradvisors/cot/cotmtgs/cotmeets/COT2002/cotmeeting10december2002/,CommitteeBranchCOT
436537,/science/ouradvisors/cot/cotmtgs/cotmeets/COT2002/cotmeeting10december2002/agenda,CommitteeDocumentCOT
436687,/science/ouradvisors/cot/cotmtgs/cotmeets/COT2002/cotmeeting10december2002/cotminutes10december2002,CommitteeDocumentCOT
436172,/science/ouradvisors/cot/cotmtgs/cotmeets/cot2006/,CommitteeBranchCOT
436121,/science/ouradvisors/cot/cotmtgs/cotmeets/cot2006/334454/,CommitteeBranchCOT
436600,/science/ouradvisors/cot/cotmtgs/cotmeets/cot2006/334454/cotagenda230506,CommitteeDocumentCOT
436758,/science/ouradvisors/cot/cotmtgs/cotmeets/cot2006/334454/cotfinalmin23may2006,CommitteeDocumentCOT
436148,/science/ouradvisors/cot/cotmtgs/cotmeets/cot2006/350582/,CommitteeBranchCOT
436639,/science/ouradvisors/cot/cotmtgs/cotmeets/cot2006/350582/cotagenda050906,CommitteeDocumentCOT
436803,/science/ouradvisors/cot/cotmtgs/cotmeets/cot2006/350582/cotfinalminutes5september2006,CommitteeDocumentCOT
436079,/science/ouradvisors/cot/cotmtgs/cotmeets/cot2006/cot140206/,CommitteeBranchCOT
436555,/science/ouradvisors/cot/cotmtgs/cotmeets/cot2006/cot140206/cotagenda140206,CommitteeDocumentCOT
436181,/science/ouradvisors/cot/cotmtgs/cotmeets/cot2006/cot140206/cotmin140206/,CommitteeBranchCOT
437101,/science/ouradvisors/cot/cotmtgs/cotmeets/cot2006/cot140206/cotmin140206/obcomments,CommitteeDocumentCOT
436073,/science/ouradvisors/cot/cotmtgs/cotmeets/cot2006/cotmeet110706/,CommitteeBranchCOT
436037,/science/ouradvisors/cot/cotmtgs/cotmeets/cot2006/cotmeet110706/cotagendapapers110706/,CommitteeBranchCOT
437350,/science/ouradvisors/cot/cotmtgs/cotmeets/cot2006/cotmeet110706/cotagendapapers110706/tox200621110706,CommitteeDocumentCOT
436696,/science/ouradvisors/cot/cotmtgs/cotmeets/cot2006/cotmeet110706/cotminutes11july2006,CommitteeDocumentCOT
436133,/science/ouradvisors/cot/cotmtgs/cotmeets/cot2006/cotmeeting060328/,CommitteeBranchCOT
436776,/science/ouradvisors/cot/cotmtgs/cotmeets/cot2006/cotmeeting060328/cotfinalminutes28march2006,CommitteeDocumentCOT
436618,/science/ouradvisors/cot/cotmtgs/cotmeets/cot2006/cotmeeting060328/cotmeeting060328agenda,CommitteeDocumentCOT
436145,/science/ouradvisors/cot/cotmtgs/cotmeets/cot2006/cotmetdec06/,CommitteeBranchCOT
436052,/science/ouradvisors/cot/cotmtgs/cotmeets/cot2006/cotmetdec06/cotagendapapers051206/,CommitteeBranchCOT
437353,/science/ouradvisors/cot/cotmtgs/cotmeets/cot2006/cotmetdec06/cotagendapapers051206/tox200639051206,CommitteeDocumentCOT
436797,/science/ouradvisors/cot/cotmtgs/cotmeets/cot2006/cotmetdec06/cotminutes5dec2006,CommitteeDocumentCOT
436091,/science/ouradvisors/cot/cotmtgs/cotmeets/cot2006/cotmmetoct06/,CommitteeBranchCOT
436722,/science/ouradvisors/cot/cotmtgs/cotmeets/cot2006/cotmmetoct06/368274,CommitteeDocumentCOT
436573,/science/ouradvisors/cot/cotmtgs/cotmeets/cot2006/cotmmetoct06/cotagenda170ctober2006,CommitteeDocumentCOT
436175,/science/ouradvisors/cot/cotmtgs/cotmeets/cot2007/,CommitteeBranchCOT
436154,/science/ouradvisors/cot/cotmtgs/cotmeets/cot2007/cot060207/,CommitteeBranchCOT
436812,/science/ouradvisors/cot/cotmtgs/cotmeets/cot2007/cot060207/388481,CommitteeDocumentCOT
436648,/science/ouradvisors/cot/cotmtgs/cotmeets/cot2007/cot060207/cotagenda060207,CommitteeDocumentCOT
436106,/science/ouradvisors/cot/cotmtgs/cotmeets/cot2007/cot200307/,CommitteeBranchCOT
436043,/science/ouradvisors/cot/cotmtgs/cotmeets/cot2007/cot200307/cotagendapapers200307/,CommitteeBranchCOT
437356,/science/ouradvisors/cot/cotmtgs/cotmeets/cot2007/cot200307/cotagendapapers200307/tox200710cabinair,CommitteeDocumentCOT
436737,/science/ouradvisors/cot/cotmtgs/cotmeets/cot2007/cot200307/cotmins20march2007,CommitteeDocumentCOT
436067,/science/ouradvisors/cot/cotmtgs/cotmeets/cot2007/cotmeet11dec2007/,CommitteeBranchCOT
436540,/science/ouradvisors/cot/cotmtgs/cotmeets/cot2007/cotmeet11dec2007/cotagendapapers11dec07,CommitteeDocumentCOT
436663,/science/ouradvisors/cot/cotmtgs/cotmeets/cot2007/cotmeet11dec2007/cotmins11dec2007,CommitteeDocumentCOT
436088,/science/ouradvisors/cot/cotmtgs/cotmeets/cot2007/cotmeet15may2007/,CommitteeBranchCOT
436561,/science/ouradvisors/cot/cotmtgs/cotmeets/cot2007/cotmeet15may2007/cotagendapapers15may2007,CommitteeDocumentCOT
436708,/science/ouradvisors/cot/cotmtgs/cotmeets/cot2007/cotmeet15may2007/cotmins15may2007,CommitteeDocumentCOT
436136,/science/ouradvisors/cot/cotmtgs/cotmeets/cot2007/cotmeet3july2007/,CommitteeBranchCOT
436049,/science/ouradvisors/cot/cotmtgs/cotmeets/cot2007/cotmeet3july2007/cotagendapaper3july2007/,CommitteeBranchCOT
437359,/science/ouradvisors/cot/cotmtgs/cotmeets/cot2007/cotmeet3july2007/cotagendapaper3july2007/tox200720,CommitteeDocumentCOT
436779,/science/ouradvisors/cot/cotmtgs/cotmeets/cot2007/cotmeet3july2007/cotmins3jul07,CommitteeDocumentCOT
436139,/science/ouradvisors/cot/cotmtgs/cotmeets/cot2007/cotmeet4sept2007/,CommitteeBranchCOT
436627,/science/ouradvisors/cot/cotmtgs/cotmeets/cot2007/cotmeet4sept2007/cotagendapapers4sept2007,CommitteeDocumentCOT
436788,/science/ouradvisors/cot/cotmtgs/cotmeets/cot2007/cotmeet4sept2007/cotmins4sept2007,CommitteeDocumentCOT
440648,/science/ouradvisors/cot/cotmtgs/cotmeets/cot2008/,CommitteeBranchCOT
450224,/science/ouradvisors/cot/cotmtgs/cotmeets/cot2008/cotmeet1apr2008/,CommitteeBranchCOT
450233,/science/ouradvisors/cot/cotmtgs/cotmeets/cot2008/cotmeet1apr2008/cotagendaandpapers1apr2008,CommitteeDocumentCOT
454928,/science/ouradvisors/cot/cotmtgs/cotmeets/cot2008/cotmeet1apr2008/cotmins1apr08,CommitteeDocumentCOT
457623,/science/ouradvisors/cot/cotmtgs/cotmeets/cot2008/cotmeet20may2008/,CommitteeBranchCOT
457625,/science/ouradvisors/cot/cotmtgs/cotmeets/cot2008/cotmeet20may2008/cotagendapapers20may2008,CommitteeDocumentCOT
461416,/science/ouradvisors/cot/cotmtgs/cotmeets/cot2008/cotmeet20may2008/cotmins20may08,CommitteeDocumentCOT
479382,/science/ouradvisors/cot/cotmtgs/cotmeets/cot2008/cotmeet25nov2008/,CommitteeBranchCOT
480584,/science/ouradvisors/cot/cotmtgs/cotmeets/cot2008/cotmeet25nov2008/cotagendapapers25nov08,CommitteeDocumentCOT
485643,/science/ouradvisors/cot/cotmtgs/cotmeets/cot2008/cotmeet25nov2008/cotmins25nov08,CommitteeDocumentCOT
468231,/science/ouradvisors/cot/cotmtgs/cotmeets/cot2008/cotmeet2sept2008/,CommitteeBranchCOT
469698,/science/ouradvisors/cot/cotmtgs/cotmeets/cot2008/cotmeet2sept2008/cotagendapapers2sept2008,CommitteeDocumentCOT
474713,/science/ouradvisors/cot/cotmtgs/cotmeets/cot2008/cotmeet2sept2008/cotmins2sept2008,CommitteeDocumentCOT
440651,/science/ouradvisors/cot/cotmtgs/cotmeets/cot2008/cotmeet5feb2008/,CommitteeBranchCOT
440664,/science/ouradvisors/cot/cotmtgs/cotmeets/cot2008/cotmeet5feb2008/cotagendapapers5feb2008,CommitteeDocumentCOT
447073,/science/ouradvisors/cot/cotmtgs/cotmeets/cot2008/cotmeet5feb2008/cotmins5feb08,CommitteeDocumentCOT
463437,/science/ouradvisors/cot/cotmtgs/cotmeets/cot2008/cotmeet8july2008/,CommitteeBranchCOT
463456,/science/ouradvisors/cot/cotmtgs/cotmeets/cot2008/cotmeet8july2008/cotagendapapers8july2008,CommitteeDocumentCOT
466825,/science/ouradvisors/cot/cotmtgs/cotmeets/cot2008/cotmeet8july2008/cotmins8jul2008,CommitteeDocumentCOT
474740,/science/ouradvisors/cot/cotmtgs/cotmeets/cot2008/cotmeeting14oct2008/,CommitteeBranchCOT
475054,/science/ouradvisors/cot/cotmtgs/cotmeets/cot2008/cotmeeting14oct2008/cotagendapapers14oct2008,CommitteeDocumentCOT
479112,/science/ouradvisors/cot/cotmtgs/cotmeets/cot2008/cotmeeting14oct2008/cotmins14oct2008,CommitteeDocumentCOT
485266,/science/ouradvisors/cot/cotmtgs/cotmeets/cot2009/,CommitteeBranchCOT
485272,/science/ouradvisors/cot/cotmtgs/cotmeets/cot2009/cotmeet10feb2009/,CommitteeBranchCOT
490800,/science/ouradvisors/cot/cotmtgs/cotmeets/cot2009/cotmeet10feb2009/cotagendapapers10feb09,CommitteeDocumentCOT
490804,/science/ouradvisors/cot/cotmtgs/cotmeets/cot2009/cotmeet10feb2009/cotmins10feb09,CommitteeDocumentCOT
527119,/science/ouradvisors/cot/cotmtgs/cotmeets/cot2009/cotmeet15dec2009/,CommitteeBranchCOT
527128,/science/ouradvisors/cot/cotmtgs/cotmeets/cot2009/cotmeet15dec2009/cotagenda15dec2009,CommitteeDocumentCOT
530959,/science/ouradvisors/cot/cotmtgs/cotmeets/cot2009/cotmeet15dec2009/cotmins15dec2009,CommitteeDocumentCOT
503490,/science/ouradvisors/cot/cotmtgs/cotmeets/cot2009/cotmeet19may2009/,CommitteeBranchCOT
503497,/science/ouradvisors/cot/cotmtgs/cotmeets/cot2009/cotmeet19may2009/cotagendapapers19may09,CommitteeDocumentCOT
507640,/science/ouradvisors/cot/cotmtgs/cotmeets/cot2009/cotmeet19may2009/cotmins19may09,CommitteeDocumentCOT
513442,/science/ouradvisors/cot/cotmtgs/cotmeets/cot2009/cotmeet22sept2009/,CommitteeBranchCOT
513447,/science/ouradvisors/cot/cotmtgs/cotmeets/cot2009/cotmeet22sept2009/cotagendapapers22sept2007,CommitteeDocumentCOT
522422,/science/ouradvisors/cot/cotmtgs/cotmeets/cot2009/cotmeet22sept2009/cotmins22sept2009,CommitteeDocumentCOT
521223,/science/ouradvisors/cot/cotmtgs/cotmeets/cot2009/cotmeet27oct2009/,CommitteeBranchCOT
521227,/science/ouradvisors/cot/cotmtgs/cotmeets/cot2009/cotmeet27oct2009/cotagendapapers27oct09,CommitteeDocumentCOT
526077,/science/ouradvisors/cot/cotmtgs/cotmeets/cot2009/cotmeet27oct2009/cotmins27oct2009,CommitteeDocumentCOT
507405,/science/ouradvisors/cot/cotmtgs/cotmeets/cot2009/cotmeet30jun2007/,CommitteeBranchCOT
507407,/science/ouradvisors/cot/cotmtgs/cotmeets/cot2009/cotmeet30jun2007/cotagendapapers30jun09,CommitteeDocumentCOT
511580,/science/ouradvisors/cot/cotmtgs/cotmeets/cot2009/cotmeet30jun2007/cotmins30june2009,CommitteeDocumentCOT
498301,/science/ouradvisors/cot/cotmtgs/cotmeets/cot2009/cotmeet7apr2009/,CommitteeBranchCOT
499812,/science/ouradvisors/cot/cotmtgs/cotmeets/cot2009/cotmeet7apr2009/cotagendapapers7apr09,CommitteeDocumentCOT
503638,/science/ouradvisors/cot/cotmtgs/cotmeets/cot2009/cotmeet7apr2009/cotmins7apr2009,CommitteeDocumentCOT
531958,/science/ouradvisors/cot/cotmtgs/cotmeets/cotmeet2010/,CommitteeBranchCOT
560360,/science/ouradvisors/cot/cotmtgs/cotmeets/cotmeet2010/cotmeet14dec2010/,CommitteeBranchCOT
560362,/science/ouradvisors/cot/cotmtgs/cotmeets/cotmeet2010/cotmeet14dec2010/cotagendapapers14dec2010,CommitteeDocumentCOT
563773,/science/ouradvisors/cot/cotmtgs/cotmeets/cotmeet2010/cotmeet14dec2010/cotmins14dec2010,CommitteeDocumentCOT
553821,/science/ouradvisors/cot/cotmtgs/cotmeets/cotmeet2010/cotmeet14sept2010/,CommitteeBranchCOT
553833,/science/ouradvisors/cot/cotmtgs/cotmeets/cotmeet2010/cotmeet14sept2010/cotagendapapers14sept2010,CommitteeDocumentCOT
556638,/science/ouradvisors/cot/cotmtgs/cotmeets/cotmeet2010/cotmeet14sept2010/cotmins14sept2010,CommitteeDocumentCOT
535402,/science/ouradvisors/cot/cotmtgs/cotmeets/cotmeet2010/cotmeet22jun2010/,CommitteeBranchCOT
535404,/science/ouradvisors/cot/cotmtgs/cotmeets/cotmeet2010/cotmeet22jun2010/cotagendapapers22jun10,CommitteeDocumentCOT
550330,/science/ouradvisors/cot/cotmtgs/cotmeets/cotmeet2010/cotmeet22jun2010/cotmins22jun2010,CommitteeDocumentCOT
535394,/science/ouradvisors/cot/cotmtgs/cotmeets/cotmeet2010/cotmeet23mar2010/,CommitteeBranchCOT
535396,/science/ouradvisors/cot/cotmtgs/cotmeets/cotmeet2010/cotmeet23mar2010/cotagendapapers23mar10,CommitteeDocumentCOT
544697,/science/ouradvisors/cot/cotmtgs/cotmeets/cotmeet2010/cotmeet23mar2010/cotmins23mar2010,CommitteeDocumentCOT
532037,/science/ouradvisors/cot/cotmtgs/cotmeets/cotmeet2010/cotmeet2feb2010/,CommitteeBranchCOT
532047,/science/ouradvisors/cot/cotmtgs/cotmeets/cotmeet2010/cotmeet2feb2010/cotagendapapers2feb2010,CommitteeDocumentCOT
537086,/science/ouradvisors/cot/cotmtgs/cotmeets/cotmeet2010/cotmeet2feb2010/cotmins2feb2010,CommitteeDocumentCOT
557140,/science/ouradvisors/cot/cotmtgs/cotmeets/cotmeet2010/cotmeet2nov2010/,CommitteeBranchCOT
557142,/science/ouradvisors/cot/cotmtgs/cotmeets/cotmeet2010/cotmeet2nov2010/cotagendapapers2nov10,CommitteeDocumentCOT
559399,/science/ouradvisors/cot/cotmtgs/cotmeets/cotmeet2010/cotmeet2nov2010/cotmins2nov2010,CommitteeDocumentCOT
535398,/science/ouradvisors/cot/cotmtgs/cotmeets/cotmeet2010/cotmeet4may2010/,CommitteeBranchCOT
535400,/science/ouradvisors/cot/cotmtgs/cotmeets/cotmeet2010/cotmeet4may2010/cotagendapapers4may10,CommitteeDocumentCOT
546481,/science/ouradvisors/cot/cotmtgs/cotmeets/cotmeet2010/cotmeet4may2010/cotmins4may2010,CommitteeDocumentCOT
563845,/science/ouradvisors/cot/cotmtgs/cotmeets/cotmeet2011/,CommitteeBranchCOT
585288,/science/ouradvisors/cot/cotmtgs/cotmeets/cotmeet2011/cotmeet13sept2011/,CommitteeBranchCOT
585290,/science/ouradvisors/cot/cotmtgs/cotmeets/cotmeet2011/cotmeet13sept2011/cotagendapapers13sept2011,CommitteeDocumentCOT
590803,/science/ouradvisors/cot/cotmtgs/cotmeets/cotmeet2011/cotmeet13sept2011/cotmins13sept2011,CommitteeDocumentCOT
563853,/science/ouradvisors/cot/cotmtgs/cotmeets/cotmeet2011/cotmeet1feb2011/,CommitteeBranchCOT
563857,/science/ouradvisors/cot/cotmtgs/cotmeets/cotmeet2011/cotmeet1feb2011/cotagendapapers1feb2011,CommitteeDocumentCOT
567602,/science/ouradvisors/cot/cotmtgs/cotmeets/cotmeet2011/cotmeet1feb2011/cotmins1feb2011,CommitteeDocumentCOT
590811,/science/ouradvisors/cot/cotmtgs/cotmeets/cotmeet2011/cotmeet1nov2011/,CommitteeBranchCOT
590819,/science/ouradvisors/cot/cotmtgs/cotmeets/cotmeet2011/cotmeet1nov2011/cotagendapapers1nov2011,CommitteeDocumentCOT
597726,/science/ouradvisors/cot/cotmtgs/cotmeets/cotmeet2011/cotmeet1nov2011/cotmins1nov2011,CommitteeDocumentCOT
568756,/science/ouradvisors/cot/cotmtgs/cotmeets/cotmeet2011/cotmeet22mar2011/,CommitteeBranchCOT
568758,/science/ouradvisors/cot/cotmtgs/cotmeets/cotmeet2011/cotmeet22mar2011/cotagenda22mar2011,CommitteeDocumentCOT
571134,/science/ouradvisors/cot/cotmtgs/cotmeets/cotmeet2011/cotmeet22mar2011/cotmins22mar2011,CommitteeDocumentCOT
576460,/science/ouradvisors/cot/cotmtgs/cotmeets/cotmeet2011/cotmeet28jun2011/,CommitteeBranchCOT
576462,/science/ouradvisors/cot/cotmtgs/cotmeets/cotmeet2011/cotmeet28jun2011/cotagendapapers28jun2011,CommitteeDocumentCOT
581602,/science/ouradvisors/cot/cotmtgs/cotmeets/cotmeet2011/cotmeet28jun2011/cotmins28jun2011,CommitteeDocumentCOT
600175,/science/ouradvisors/cot/cotmtgs/cotmeets/cotmeet2012/,CommitteeBranchCOT
617052,/science/ouradvisors/cot/cotmtgs/cotmeets/cotmeet2012/cotmeet11sept2012/,CommitteeBranchCOT
632209,/science/ouradvisors/cot/cotmtgs/cotmeets/cotmeet2012/cotmeet11sept2012/632209,CommitteeDocumentCOT
632186,/science/ouradvisors/cot/cotmtgs/cotmeets/cotmeet2012/cotmeet11sept2012/cotagenda11sept2012,CommitteeDocumentCOT
604884,/science/ouradvisors/cot/cotmtgs/cotmeets/cotmeet2012/cotmeet20march2012/,CommitteeBranchCOT
604888,/science/ouradvisors/cot/cotmtgs/cotmeets/cotmeet2012/cotmeet20march2012/cotagendapapers20march2012,CommitteeDocumentCOT
609513,/science/ouradvisors/cot/cotmtgs/cotmeets/cotmeet2012/cotmeet20march2012/cotmin20mar2012,CommitteeDocumentCOT
613854,/science/ouradvisors/cot/cotmtgs/cotmeets/cotmeet2012/cotmeet26june2012/,CommitteeBranchCOT
620281,/science/ouradvisors/cot/cotmtgs/cotmeets/cotmeet2012/cotmeet26june2012/620281,CommitteeDocumentCOT
613866,/science/ouradvisors/cot/cotmtgs/cotmeets/cotmeet2012/cotmeet26june2012/cotagenda26june2012,CommitteeDocumentCOT
617057,/science/ouradvisors/cot/cotmtgs/cotmeets/cotmeet2012/cotmeet30oct2012/,CommitteeBranchCOT
640638,/science/ouradvisors/cot/cotmtgs/cotmeets/cotmeet2012/cotmeet30oct2012/cotagenda30oct2012,CommitteeDocumentCOT
640649,/science/ouradvisors/cot/cotmtgs/cotmeets/cotmeet2012/cotmeet30oct2012/cotmins30oct12,CommitteeDocumentCOT
600185,/science/ouradvisors/cot/cotmtgs/cotmeets/cotmeet2012/cotmeet7feb2012/,CommitteeBranchCOT
600187,/science/ouradvisors/cot/cotmtgs/cotmeets/cotmeet2012/cotmeet7feb2012/cotagendapapers7feb2012,CommitteeDocumentCOT
604937,/science/ouradvisors/cot/cotmtgs/cotmeets/cotmeet2012/cotmeet7feb2012/cotmins7feb2012,CommitteeDocumentCOT
610336,/science/ouradvisors/cot/cotmtgs/cotmeets/cotmeet2012/cotmeet8may2012/,CommitteeBranchCOT
610338,/science/ouradvisors/cot/cotmtgs/cotmeets/cotmeet2012/cotmeet8may2012/cotagendaandpapers8may2012,CommitteeDocumentCOT
613891,/science/ouradvisors/cot/cotmtgs/cotmeets/cotmeet2012/cotmeet8may2012/cotfinalmins8may2012,CommitteeDocumentCOT
617059,/science/ouradvisors/cot/cotmtgs/cotmeets/cotmeet2012/cotmmet11dec2012/,CommitteeBranchCOT
640651,/science/ouradvisors/cot/cotmtgs/cotmeets/cotmeet2012/cotmmet11dec2012/640651,CommitteeDocumentCOT
640653,/science/ouradvisors/cot/cotmtgs/cotmeets/cotmeet2012/cotmmet11dec2012/cotagenda11dec2012,CommitteeDocumentCOT
644970,/science/ouradvisors/cot/cotmtgs/cotmeets/cotmeets2013/,CommitteeBranchCOT
644984,/science/ouradvisors/cot/cotmtgs/cotmeets/cotmeets2013/cormeet26march2013/,CommitteeBranchCOT
660897,/science/ouradvisors/cot/cotmtgs/cotmeets/cotmeets2013/cormeet26march2013/cotagendaandpapers,CommitteeDocumentCOT
667213,/science/ouradvisors/cot/cotmtgs/cotmeets/cotmeets2013/cormeet26march2013/cotfinmins26mar.pdf,CommitteeDocumentCOT
669054,/science/ouradvisors/cot/cotmtgs/cotmeets/cotmeets2013/cotmeet14may13/,CommitteeBranchCOT
669057,/science/ouradvisors/cot/cotmtgs/cotmeets/cotmeets2013/cotmeet14may13/cotagepap14may13,CommitteeDocumentCOT
678001,/science/ouradvisors/cot/cotmtgs/cotmeets/cotmeets2013/cotmeet14may13/cotfinmins14may,CommitteeDocumentCOT
644980,/science/ouradvisors/cot/cotmtgs/cotmeets/cotmeets2013/cotmeet5feb2013/,CommitteeBranchCOT
652102,/science/ouradvisors/cot/cotmtgs/cotmeets/cotmeets2013/cotmeet5feb2013/cotagendaandpapers,CommitteeDocumentCOT
652105,/science/ouradvisors/cot/cotmtgs/cotmeets/cotmeets2013/cotmeet5feb2013/cotfinalmins,CommitteeDocumentCOT
689903,/science/ouradvisors/cot/cotmtgs/cotmeets/cotmeets2013/cotmeeting29oct13/,CommitteeBranchCOT
689916,/science/ouradvisors/cot/cotmtgs/cotmeets/cotmeets2013/cotmeeting29oct13/cotagenda29oct13,CommitteeDocumentCOT
694143,/science/ouradvisors/cot/cotmtgs/cotmeets/cotmeets2013/cotmeeting29oct13/cotdrtmin29oct13/,CommitteeBranch
675618,/science/ouradvisors/cot/cotmtgs/cotmeets/cotmeets2013/cotmeetjuly13/,CommitteeBranchCOT
675622,/science/ouradvisors/cot/cotmtgs/cotmeets/cotmeets2013/cotmeetjuly13/cotagepap2july13,CommitteeDocumentCOT
679477,/science/ouradvisors/cot/cotmtgs/cotmeets/cotmeets2013/cotmeetjuly13/cotmin2july/,CommitteeBranchCOT
684534,/science/ouradvisors/cot/cotmtgs/cotmeets/cotmeets2013/cotmet17sept13/,CommitteeBranchCOT
684541,/science/ouradvisors/cot/cotmtgs/cotmeets/cotmeets2013/cotmet17sept13/cotagenpap17sep13,CommitteeDocumentCOT
688921,/science/ouradvisors/cot/cotmtgs/cotmeets/cotmeets2013/cotmet17sept13/cotrvdrafminsept13/,CommitteeBranchCOT
695274,/science/ouradvisors/cot/cotmtgs/cotmeets/cotmeets2013/cotmtg10dec2013/,CommitteeBranchCOT
695489,/science/ouradvisors/cot/cotmtgs/cotmeets/cotmeets2013/cotmtg10dec2013/cotagenpap10dec13,CommitteeDocumentCOT
699500,/science/ouradvisors/cot/cotmtgs/cotmeets/cotmeets2013/cotmtg10dec2013/cotfinmin10dec13,CommitteeDocumentCOT
700726,/science/ouradvisors/cot/cotmtgs/cotmeets/cotmeets2014/,CommitteeBranchCOT
711613,/science/ouradvisors/cot/cotmtgs/cotmeets/cotmeets2014/cotmtg13514/,CommitteeBranchCOT
711793,/science/ouradvisors/cot/cotmtgs/cotmeets/cotmeets2014/cotmtg13514/cotagpap13514,CommitteeDocumentCOT
714960,/science/ouradvisors/cot/cotmtgs/cotmeets/cotmeets2014/cotmtg13514/drtmin13514,CommitteeDocumentCOT
716480,/science/ouradvisors/cot/cotmtgs/cotmeets/cotmeets2014/cotmtg1714/,CommitteeBranchCOT
716483,/science/ouradvisors/cot/cotmtgs/cotmeets/cotmeets2014/cotmtg1714/mtgcanceld,CommitteeDocumentCOT
705986,/science/ouradvisors/cot/cotmtgs/cotmeets/cotmeets2014/cotmtg18314/,CommitteeBranchCOT
706001,/science/ouradvisors/cot/cotmtgs/cotmeets/cotmeets2014/cotmtg18314/cotagpap18314,CommitteeDocumentCOT
709967,/science/ouradvisors/cot/cotmtgs/cotmeets/cotmeets2014/cotmtg18314/filmin180314,CommitteeDocumentCOT
700729,/science/ouradvisors/cot/cotmtgs/cotmeets/cotmeets2014/cotmtg4feb14/,CommitteeBranchCOT
700734,/science/ouradvisors/cot/cotmtgs/cotmeets/cotmeets2014/cotmtg4feb14/cotpapagd4feb14,CommitteeDocumentCOT
704629,/science/ouradvisors/cot/cotmtgs/cotmeets/cotmeets2014/cotmtg4feb14/finltmin4feb14,CommitteeDocumentCOT
436019,/science/ouradvisors/cot/cotmtgs/cotmeets/cotmtgs2005/,CommitteeBranchCOT
436142,/science/ouradvisors/cot/cotmtgs/cotmeets/cotmtgs2005/257509/,CommitteeBranchCOT
436630,/science/ouradvisors/cot/cotmtgs/cotmeets/cotmtgs2005/257509/cotagenda050405,CommitteeDocumentCOT
436791,/science/ouradvisors/cot/cotmtgs/cotmeets/cotmtgs2005/257509/cotfinalminutes5april2005,CommitteeDocumentCOT
436124,/science/ouradvisors/cot/cotmtgs/cotmeets/cotmtgs2005/264704/,CommitteeBranchCOT
436603,/science/ouradvisors/cot/cotmtgs/cotmeets/cotmtgs2005/264704/cotagenda240505,CommitteeDocumentCOT
436761,/science/ouradvisors/cot/cotmtgs/cotmeets/cotmtgs2005/264704/cotmin24may2005,CommitteeDocumentCOT
436076,/science/ouradvisors/cot/cotmtgs/cotmeets/cotmtgs2005/281778/,CommitteeBranchCOT
436549,/science/ouradvisors/cot/cotmtgs/cotmeets/cotmtgs2005/281778/cotagenda120705,CommitteeDocumentCOT
436666,/science/ouradvisors/cot/cotmtgs/cotmeets/cotmtgs2005/281778/cotmin12july2005,CommitteeDocumentCOT
436097,/science/ouradvisors/cot/cotmtgs/cotmeets/cotmtgs2005/294955/,CommitteeBranchCOT
436576,/science/ouradvisors/cot/cotmtgs/cotmeets/cotmtgs2005/294955/cotagenda181005,CommitteeDocumentCOT
436728,/science/ouradvisors/cot/cotmtgs/cotmeets/cotmtgs2005/294955/cotfinalmin18oct2005,CommitteeDocumentCOT
436151,/science/ouradvisors/cot/cotmtgs/cotmeets/cotmtgs2005/303830/,CommitteeBranchCOT
436642,/science/ouradvisors/cot/cotmtgs/cotmeets/cotmtgs2005/303830/303843,CommitteeDocumentCOT
436806,/science/ouradvisors/cot/cotmtgs/cotmeets/cotmtgs2005/303830/cotmin6dec2005,CommitteeDocumentCOT
436061,/science/ouradvisors/cot/cotmtgs/cotmeets/cotmtgs2005/cot1feb2005/,CommitteeBranchCOT
436528,/science/ouradvisors/cot/cotmtgs/cotmeets/cotmtgs2005/cot1feb2005/cotagenda1feb2005,CommitteeDocumentCOT
436681,/science/ouradvisors/cot/cotmtgs/cotmeets/cotmtgs2005/cot1feb2005/cotfinalminutes1february2005,CommitteeDocumentCOT
436055,/science/ouradvisors/cot/cotmtgs/cotmtsem/,CommitteeBranchCOT
436184,/science/ouradvisors/cot/cotmtgs/cotmtsem/cotsem1001/,CommitteeBranchCOT
436519,/science/ouradvisors/cot/cotmtgs/cotmtsem/cotsem1001/49768,CommitteeDocumentCOT
436833,/science/ouradvisors/cot/cotmtgs/cotmtsem/cotsem1001/49795,CommitteeDocumentCOT
436839,/science/ouradvisors/cot/cotmtgs/cotmtsem/cotsem1001/49801,CommitteeDocumentCOT
436836,/science/ouradvisors/cot/cotmtgs/cotmtsem/cotsem1001/49811,CommitteeDocumentCOT
436845,/science/ouradvisors/cot/cotmtgs/cotmtsem/cotsem1001/49828,CommitteeDocumentCOT
436842,/science/ouradvisors/cot/cotmtgs/cotmtsem/cotsem1001/49831,CommitteeDocumentCOT
436848,/science/ouradvisors/cot/cotmtgs/cotmtsem/cotsem1001/49834,CommitteeDocumentCOT
437146,/science/ouradvisors/cot/cotmtgs/cotmtsem/cotsem1001/cotjoint,CommitteeDocumentCOT
437149,/science/ouradvisors/cot/cotmtgs/cotmtsem/cotsem1001/jointstatement,CommitteeDocumentCOT
480913,/science/ouradvisors/cot/cotmtgs/cotmtsem/cotwigrampmtg,CommitteeDocumentCOT
479808,/science/ouradvisors/cot/cotmtgs/cotmtsem/cotwkshp2006,CommitteeDocumentCOT
479887,/science/ouradvisors/cot/cotmtgs/cotmtsem/cotwkshp2feb05,CommitteeDocumentCOT
437503,/science/ouradvisors/cot/cotmtgs/cotmtsem/cotworkshop07,CommitteeDocumentCOT
479773,/science/ouradvisors/cot/cotmtgs/cotmtsem/cotwrkshop11feb09,CommitteeDocumentCOT
539087,/science/ouradvisors/cot/cotmtgs/cotmtsem/cotwrkshop3feb10,CommitteeDocumentCOT
452091,/science/ouradvisors/cot/cotmtgs/cotmtsem/cotwrkshoptransepigfeb08,CommitteeDocumentCOT
437299,/science/ouradvisors/cot/cotmtgs/cotmtsem/pbpkmodelling12feb2003,CommitteeDocumentCOT
479880,/science/ouradvisors/cot/cotmtgs/cotmtsem/wrkshop3feb2004,CommitteeDocumentCOT
436824,/science/ouradvisors/cot/cotmtgs/cotopencodeofconduct,CommitteeDocumentCOT
437311,/science/ouradvisors/cot/cotmtgs/cotopenmeetingprocedures,CommitteeDocumentCOT
437376,/science/ouradvisors/cot/cotmtgs/cotunpublisheddata,CommitteeDocumentCOT
436235,/science/ouradvisors/cot/cotmtgs/futurecotmeetings/,CommitteeBranchCOT
436451,/science/ouradvisors/cot/cotreports/,CommitteeBranchCOT
436229,/science/ouradvisors/cot/cotreports/cotcomcocannreps/,CommitteeBranchCOT
622017,/science/ouradvisors/cot/cotreports/cotcomcocannreps/coccomcotep2011,CommitteeDocumentCOT
709258,/science/ouradvisors/cot/cotreports/cotcomcocannreps/cotcomcocarp12,CommitteeDocumentCOT
437047,/science/ouradvisors/cot/cotreports/cotcomcocannreps/cotcomcocrep1991,CommitteeDocumentCOT
437050,/science/ouradvisors/cot/cotreports/cotcomcocannreps/cotcomcocrep1992,CommitteeDocumentCOT
437053,/science/ouradvisors/cot/cotreports/cotcomcocannreps/cotcomcocrep1993,CommitteeDocumentCOT
437056,/science/ouradvisors/cot/cotreports/cotcomcocannreps/cotcomcocrep1994,CommitteeDocumentCOT
437059,/science/ouradvisors/cot/cotreports/cotcomcocannreps/cotcomcocrep1995,CommitteeDocumentCOT
437062,/science/ouradvisors/cot/cotreports/cotcomcocannreps/cotcomcocrep1996,CommitteeDocumentCOT
437065,/science/ouradvisors/cot/cotreports/cotcomcocannreps/cotcomcocrep1997,CommitteeDocumentCOT
437068,/science/ouradvisors/cot/cotreports/cotcomcocannreps/cotcomcocrep1998,CommitteeDocumentCOT
437071,/science/ouradvisors/cot/cotreports/cotcomcocannreps/cotcomcocrep1999,CommitteeDocumentCOT
437074,/science/ouradvisors/cot/cotreports/cotcomcocannreps/cotcomcocrep2000,CommitteeDocumentCOT
437077,/science/ouradvisors/cot/cotreports/cotcomcocannreps/cotcomcocrep2001,CommitteeDocumentCOT
437080,/science/ouradvisors/cot/cotreports/cotcomcocannreps/cotcomcocrep2002,CommitteeDocumentCOT
437083,/science/ouradvisors/cot/cotreports/cotcomcocannreps/cotcomcocrep2003,CommitteeDocumentCOT
437086,/science/ouradvisors/cot/cotreports/cotcomcocannreps/cotcomcocrep2004,CommitteeDocumentCOT
437089,/science/ouradvisors/cot/cotreports/cotcomcocannreps/cotcomcocrep2005,CommitteeDocumentCOT
437092,/science/ouradvisors/cot/cotreports/cotcomcocannreps/cotcomcocrep2006,CommitteeDocumentCOT
466439,/science/ouradvisors/cot/cotreports/cotcomcocannreps/cotcomcocrep2007,CommitteeDocumentCOT
511910,/science/ouradvisors/cot/cotreports/cotcomcocannreps/cotcomcocrep2008,CommitteeDocumentCOT
548870,/science/ouradvisors/cot/cotreports/cotcomcocannreps/cotcomcocrep2009,CommitteeDocumentCOT
574112,/science/ouradvisors/cot/cotreports/cotcomcocannreps/cotcomcocrep2010,CommitteeDocumentCOT
436058,/science/ouradvisors/cot/cotreports/cotjointreps/,CommitteeBranchCOT
647565,/science/ouradvisors/cot/cotreports/cotjointreps/brawgreport/,CommitteeBranchCOT
480596,/science/ouradvisors/cot/cotreports/cotjointreps/evmreport/,CommitteeBranchCOT
437332,/science/ouradvisors/cot/cotreports/cotjointreps/sacnfishconsumption,CommitteeDocumentCOT
591671,/science/ouradvisors/cot/cotreports/cotquinreview/,CommitteeBranchCOT
591675,/science/ouradvisors/cot/cotreports/cotquinreview/cotquinrev2011,CommitteeDocumentCOT
436034,/science/ouradvisors/cot/cotreports/cotwgreports/,CommitteeBranchCOT
437326,/science/ouradvisors/cot/cotreports/cotwgreports/cocktailreport,CommitteeDocumentCOT
436830,/science/ouradvisors/cot/cotreports/cotwgreports/cotpeanutallergy,CommitteeDocumentCOT
455961,/science/ouradvisors/cot/cotreports/cotwgreports/cotwgvut,CommitteeDocumentCOT
436457,/science/ouradvisors/cot/cotreports/cotwgreports/foodreactions,CommitteeDocumentCOT
706392,/science/ouradvisors/cot/cotreports/cotwgreports/lowermoorreport,CommitteeDocumentCOT
436827,/science/ouradvisors/cot/cotreports/cotwgreports/organophosphates,CommitteeDocumentCOT
437323,/science/ouradvisors/cot/cotreports/cotwgreports/phytoestrogensandhealthcot,CommitteeDocumentCOT
457944,/science/ouradvisors/cot/cotstatements/,CommitteeBranchCOT
436187,/science/ouradvisors/cot/cotstatements/cotstatementsyrs/,CommitteeBranchCOT
436190,/science/ouradvisors/cot/cotstatements/cotstatementsyrs/cotstatements1996/,CommitteeBranchCOT
437014,/science/ouradvisors/cot/cotstatements/cotstatementsyrs/cotstatements1996/cotstatementchlorine96,CommitteeDocumentCOT
436951,/science/ouradvisors/cot/cotstatements/cotstatementsyrs/cotstatements1996/cotstatementphthalates96,CommitteeDocumentCOT
436954,/science/ouradvisors/cot/cotstatements/cotstatementsyrs/cotstatements1996/cotstatementphyto1996,CommitteeDocumentCOT
436193,/science/ouradvisors/cot/cotstatements/cotstatementsyrs/cotstatements1997/,CommitteeBranchCOT
436908,/science/ouradvisors/cot/cotstatements/cotstatementsyrs/cotstatements1997/402216,CommitteeDocumentCOT
436905,/science/ouradvisors/cot/cotstatements/cotstatementsyrs/cotstatements1997/bisphena,CommitteeDocumentCOT
437029,/science/ouradvisors/cot/cotstatements/cotstatementsyrs/cotstatements1997/cotstatementdentalamalgam97,CommitteeDocumentCOT
436857,/science/ouradvisors/cot/cotstatements/cotstatementsyrs/cotstatements1997/cotstatementsalatrims1997,CommitteeDocumentCOT
436927,/science/ouradvisors/cot/cotstatements/cotstatementsyrs/cotstatements1997/iodinecow,CommitteeDocumentCOT
436942,/science/ouradvisors/cot/cotstatements/cotstatementsyrs/cotstatements1997/ochravinefruit,CommitteeDocumentCOT
436987,/science/ouradvisors/cot/cotstatements/cotstatementsyrs/cotstatements1997/polybip,CommitteeDocumentCOT
436981,/science/ouradvisors/cot/cotstatements/cotstatementsyrs/cotstatements1997/tetradryclean,CommitteeDocumentCOT
437035,/science/ouradvisors/cot/cotstatements/cotstatementsyrs/cotstatements1997/vitb6tox,CommitteeDocumentCOT
436196,/science/ouradvisors/cot/cotstatements/cotstatementsyrs/cotstatements1998/,CommitteeBranchCOT
436975,/science/ouradvisors/cot/cotstatements/cotstatementsyrs/cotstatements1998/cotstatementmycosterig,CommitteeDocumentCOT
437005,/science/ouradvisors/cot/cotstatements/cotstatementsyrs/cotstatements1998/elementdiet,CommitteeDocumentCOT
436957,/science/ouradvisors/cot/cotstatements/cotstatementsyrs/cotstatements1998/intakevitb6,CommitteeDocumentCOT
436972,/science/ouradvisors/cot/cotstatements/cotstatementsyrs/cotstatements1998/monil,CommitteeDocumentCOT
436199,/science/ouradvisors/cot/cotstatements/cotstatementsyrs/cotstatements1999/,CommitteeBranchCOT
436914,/science/ouradvisors/cot/cotstatements/cotstatementsyrs/cotstatements1999/chlorwater,CommitteeDocumentCOT
436966,/science/ouradvisors/cot/cotstatements/cotstatementsyrs/cotstatements1999/cotstatementlectin99,CommitteeDocumentCOT
458475,/science/ouradvisors/cot/cotstatements/cotstatementsyrs/cotstatements1999/cotstatementpinebark99,CommitteeDocumentCOT
436854,/science/ouradvisors/cot/cotstatements/cotstatementsyrs/cotstatements1999/cotstatementsalatrims99,CommitteeDocumentCOT
436969,/science/ouradvisors/cot/cotstatements/cotstatementsyrs/cotstatements1999/greenfish,CommitteeDocumentCOT
436939,/science/ouradvisors/cot/cotstatements/cotstatementsyrs/cotstatements1999/humanmetab,CommitteeDocumentCOT
437095,/science/ouradvisors/cot/cotstatements/cotstatementsyrs/cotstatements1999/maloncsspray,CommitteeDocumentCOT
436999,/science/ouradvisors/cot/cotstatements/cotstatementsyrs/cotstatements1999/pcddsfish,CommitteeDocumentCOT
436202,/science/ouradvisors/cot/cotstatements/cotstatementsyrs/cotstatements2000/,CommitteeBranchCOT
437363,/science/ouradvisors/cot/cotstatements/cotstatementsyrs/cotstatements2000/cot-athicacids,CommitteeDocumentCOT
437116,/science/ouradvisors/cot/cotstatements/cotstatementsyrs/cotstatements2000/cotdioxins,CommitteeDocumentCOT
436480,/science/ouradvisors/cot/cotstatements/cotstatementsyrs/cotstatements2000/cotstatementimplants2000,CommitteeDocumentCOT
437372,/science/ouradvisors/cot/cotstatements/cotstatementsyrs/cotstatements2000/cottotaldiet,CommitteeDocumentCOT
437341,/science/ouradvisors/cot/cotstatements/cotstatementsyrs/cotstatements2000/cowsmilk,CommitteeDocumentCOT
436918,/science/ouradvisors/cot/cotstatements/cotstatementsyrs/cotstatements2000/dioxins_eggs,CommitteeDocumentCOT
436996,/science/ouradvisors/cot/cotstatements/cotstatementsyrs/cotstatements2000/fungiblberries,CommitteeDocumentCOT
436510,/science/ouradvisors/cot/cotstatements/cotstatementsyrs/cotstatements2000/hexachlorobutadiene,CommitteeDocumentCOT
437344,/science/ouradvisors/cot/cotstatements/cotstatementsyrs/cotstatements2000/potatoesgm,CommitteeDocumentCOT
437002,/science/ouradvisors/cot/cotstatements/cotstatementsyrs/cotstatements2000/sterig,CommitteeDocumentCOT
436887,/science/ouradvisors/cot/cotstatements/cotstatementsyrs/cotstatements2000/triglycerides,CommitteeDocumentCOT
436205,/science/ouradvisors/cot/cotstatements/cotstatementsyrs/cotstatements2001/,CommitteeBranchCOT
436869,/science/ouradvisors/cot/cotstatements/cotstatementsyrs/cotstatements2001/36599,CommitteeDocumentCOT
436890,/science/ouradvisors/cot/cotstatements/cotstatementsyrs/cotstatements2001/bisphenol,CommitteeDocumentCOT
436990,/science/ouradvisors/cot/cotstatements/cotstatementsyrs/cotstatements2001/caffeine,CommitteeDocumentCOT
436878,/science/ouradvisors/cot/cotstatements/cotstatementsyrs/cotstatements2001/cotpolycyclic,CommitteeDocumentCOT
437017,/science/ouradvisors/cot/cotstatements/cotstatementsyrs/cotstatements2001/dioxinsstate,CommitteeDocumentCOT
436498,/science/ouradvisors/cot/cotstatements/cotstatementsyrs/cotstatements2001/sahsulandfill,CommitteeDocumentCOT
436208,/science/ouradvisors/cot/cotstatements/cotstatementsyrs/cotstatements2002/,CommitteeBranchCOT
436669,/science/ouradvisors/cot/cotstatements/cotstatementsyrs/cotstatements2002/cotfoodadditives,CommitteeDocumentCOT
437011,/science/ouradvisors/cot/cotstatements/cotstatementsyrs/cotstatements2002/cotstatementdeet,CommitteeDocumentCOT
436477,/science/ouradvisors/cot/cotstatements/cotstatementsyrs/cotstatements2002/cotstatementimplants2002,CommitteeDocumentCOT
436492,/science/ouradvisors/cot/cotstatements/cotstatementsyrs/cotstatements2002/cotstatementphenol,CommitteeDocumentCOT
437143,/science/ouradvisors/cot/cotstatements/cotstatementsyrs/cotstatements2002/jointgeopro,CommitteeDocumentCOT
436507,/science/ouradvisors/cot/cotstatements/cotstatementsyrs/cotstatements2002/pavastatement,CommitteeDocumentCOT
436211,/science/ouradvisors/cot/cotstatements/cotstatementsyrs/cotstatements2003/,CommitteeBranchCOT
436902,/science/ouradvisors/cot/cotstatements/cotstatementsyrs/cotstatements2003/arsenicstatement,CommitteeDocumentCOT
436893,/science/ouradvisors/cot/cotstatements/cotstatementsyrs/cotstatements2003/cotmercurystatement,CommitteeDocumentCOT
436875,/science/ouradvisors/cot/cotstatements/cotstatementsyrs/cotstatements2003/cotpbpkstatement,CommitteeDocumentCOT
436921,/science/ouradvisors/cot/cotstatements/cotstatementsyrs/cotstatements2003/fluorine,CommitteeDocumentCOT
436936,/science/ouradvisors/cot/cotstatements/cotstatementsyrs/cotstatements2003/statementmetals,CommitteeDocumentCOT
436214,/science/ouradvisors/cot/cotstatements/cotstatementsyrs/cotstatements2004/,CommitteeBranchCOT
436899,/science/ouradvisors/cot/cotstatements/cotstatementsyrs/cotstatements2004/acidsweets,CommitteeDocumentCOT
436483,/science/ouradvisors/cot/cotstatements/cotstatementsyrs/cotstatements2004/chlorwater,CommitteeDocumentCOT
436896,/science/ouradvisors/cot/cotstatements/cotstatementsyrs/cotstatements2004/cotstatebreastmilk,CommitteeDocumentCOT
436911,/science/ouradvisors/cot/cotstatements/cotstatementsyrs/cotstatements2004/cotstatementbfrfish2004,CommitteeDocumentCOT
436933,/science/ouradvisors/cot/cotstatements/cotstatementsyrs/cotstatements2004/cotstatements2004malerepro,CommitteeDocumentCOT
437380,/science/ouradvisors/cot/cotstatements/cotstatementsyrs/cotstatements2004/cotstatements2004mercury,CommitteeDocumentCOT
436863,/science/ouradvisors/cot/cotstatements/cotstatementsyrs/cotstatements2004/cotstatements2004metals,CommitteeDocumentCOT
436978,/science/ouradvisors/cot/cotstatements/cotstatementsyrs/cotstatements2004/cotstatements2004tbbpa,CommitteeDocumentCOT
436881,/science/ouradvisors/cot/cotstatements/cotstatementsyrs/cotstatements2004/cotstatements2004tryptophan,CommitteeDocumentCOT
436504,/science/ouradvisors/cot/cotstatements/cotstatementsyrs/cotstatements2004/pavaspray,CommitteeDocumentCOT
437155,/science/ouradvisors/cot/cotstatements/cotstatementsyrs/cotstatements2004/tobacco,CommitteeDocumentCOT
437152,/science/ouradvisors/cot/cotstatements/cotstatementsyrs/cotstatements2004/toxicogenomics,CommitteeDocumentCOT
436217,/science/ouradvisors/cot/cotstatements/cotstatementsyrs/cotstatements2005/,CommitteeBranchCOT
436672,/science/ouradvisors/cot/cotstatements/cotstatementsyrs/cotstatements2005/307429,CommitteeDocumentCOT
436948,/science/ouradvisors/cot/cotstatements/cotstatementsyrs/cotstatements2005/cotstatements2005phoscpha,CommitteeDocumentCOT
436220,/science/ouradvisors/cot/cotstatements/cotstatementsyrs/cotstatements2006/,CommitteeBranchCOT
436675,/science/ouradvisors/cot/cotstatements/cotstatementsyrs/cotstatements2006/371075,CommitteeDocumentCOT
436963,/science/ouradvisors/cot/cotstatements/cotstatementsyrs/cotstatements2006/389771,CommitteeDocumentCOT
436884,/science/ouradvisors/cot/cotstatements/cotstatementsyrs/cotstatements2006/cot200614,CommitteeDocumentCOT
437041,/science/ouradvisors/cot/cotstatements/cotstatementsyrs/cotstatements2006/cotstatement0612,CommitteeDocumentCOT
436930,/science/ouradvisors/cot/cotstatements/cotstatementsyrs/cotstatements2006/cotstatement2006dietdrug,CommitteeDocumentCOT
436866,/science/ouradvisors/cot/cotstatements/cotstatementsyrs/cotstatements2006/cotstatement2006dioxintef,CommitteeDocumentCOT
436945,/science/ouradvisors/cot/cotstatements/cotstatementsyrs/cotstatements2006/cotstatement2006fishsurveys,CommitteeDocumentCOT
436486,/science/ouradvisors/cot/cotstatements/cotstatementsyrs/cotstatements2006/cotstatementcspava0606,CommitteeDocumentCOT
436489,/science/ouradvisors/cot/cotstatements/cotstatementsyrs/cotstatements2006/cotstatementhydrogel,CommitteeDocumentCOT
437023,/science/ouradvisors/cot/cotstatements/cotstatementsyrs/cotstatements2006/cotstatementpfoa200610,CommitteeDocumentCOT
437020,/science/ouradvisors/cot/cotstatements/cotstatementsyrs/cotstatements2006/cotstatementpfos200609,CommitteeDocumentCOT
436960,/science/ouradvisors/cot/cotstatements/cotstatementsyrs/cotstatements2006/cotstatementpsp200608,CommitteeDocumentCOT
436495,/science/ouradvisors/cot/cotstatements/cotstatementsyrs/cotstatements2006/cotstatementrcep0605,CommitteeDocumentCOT
436924,/science/ouradvisors/cot/cotstatements/cotstatementsyrs/cotstatements2006/cotstatements2006additives,CommitteeDocumentCOT
438254,/science/ouradvisors/cot/cotstatements/cotstatementsyrs/cotstatements2006/cotstatements2006apricotkernels,CommitteeDocument
437032,/science/ouradvisors/cot/cotstatements/cotstatementsyrs/cotstatements2006/cotstatements2006uranium,CommitteeDocumentCOT
436223,/science/ouradvisors/cot/cotstatements/cotstatementsyrs/cotstatements2007/,CommitteeBranchCOT
436860,/science/ouradvisors/cot/cotstatements/cotstatementsyrs/cotstatements2007/colpreservechildren,CommitteeDocumentCOT
436525,/science/ouradvisors/cot/cotstatements/cotstatementsyrs/cotstatements2007/cot200701,CommitteeDocumentCOT
436872,/science/ouradvisors/cot/cotstatements/cotstatementsyrs/cotstatements2007/cot200702,CommitteeDocumentCOT
436984,/science/ouradvisors/cot/cotstatements/cotstatementsyrs/cotstatements2007/cot200703,CommitteeDocumentCOT
437008,/science/ouradvisors/cot/cotstatements/cotstatementsyrs/cotstatements2007/cotstatementbalpa0706,CommitteeDocumentCOT
437038,/science/ouradvisors/cot/cotstatements/cotstatementsyrs/cotstatements2007/pava,CommitteeDocumentCOT
467255,/science/ouradvisors/cot/cotstatements/cotstatementsyrs/cotstatements2008/,CommitteeBranchCOT
467735,/science/ouradvisors/cot/cotstatements/cotstatementsyrs/cotstatements2008/cot200803,CommitteeDocumentCOT
479593,/science/ouradvisors/cot/cotstatements/cotstatementsyrs/cotstatements2008/cot200804,CommitteeDocumentCOT
484057,/science/ouradvisors/cot/cotstatements/cotstatementsyrs/cotstatements2008/cot200807peanut,CommitteeDocumentCOT
509471,/science/ouradvisors/cot/cotstatements/cotstatementsyrs/cotstatements2008/cot200809,CommitteeDocumentCOT
467270,/science/ouradvisors/cot/cotstatements/cotstatementsyrs/cotstatements2008/cotdbp200802,CommitteeDocumentCOT
479166,/science/ouradvisors/cot/cotstatements/cotstatementsyrs/cotstatements2008/cotstatement200806,CommitteeDocumentCOT
490185,/science/ouradvisors/cot/cotstatements/cotstatementsyrs/cotstatements2008/cotstatement200808,CommitteeDocumentCOT
477409,/science/ouradvisors/cot/cotstatements/cotstatementsyrs/cotstatements2008/cotstatementbracken200805,CommitteeDocumentCOT
467257,/science/ouradvisors/cot/cotstatements/cotstatementsyrs/cotstatements2008/cottpa200801,CommitteeDocumentCOT
503745,/science/ouradvisors/cot/cotstatements/cotstatementsyrs/cotstatements2009/,CommitteeBranchCOT
503770,/science/ouradvisors/cot/cotstatements/cotstatementsyrs/cotstatements2009/cot200901,CommitteeDocumentCOT
512067,/science/ouradvisors/cot/cotstatements/cotstatementsyrs/cotstatements2009/cot200902,CommitteeDocumentCOT
523839,/science/ouradvisors/cot/cotstatements/cotstatementsyrs/cotstatements2009/cot200903,CommitteeDocumentCOT
530008,/science/ouradvisors/cot/cotstatements/cotstatementsyrs/cotstatements2009/cot200904,CommitteeDocumentCOT
548460,/science/ouradvisors/cot/cotstatements/cotstatementsyrs/cotstatements2009/cot200905,CommitteeDocumentCOT
548462,/science/ouradvisors/cot/cotstatements/cotstatementsyrs/cotstatements2009/cot200906,CommitteeDocumentCOT
554676,/science/ouradvisors/cot/cotstatements/cotstatementsyrs/cotstatements2010/,CommitteeBranchCOT
554678,/science/ouradvisors/cot/cotstatements/cotstatementsyrs/cotstatements2010/cot201001,CommitteeDocumentCOT
570091,/science/ouradvisors/cot/cotstatements/cotstatementsyrs/cotstatements2010/cot201002,CommitteeDocumentCOT
567212,/science/ouradvisors/cot/cotstatements/cotstatementsyrs/cotstatements2011/,CommitteeBranchCOT
567228,/science/ouradvisors/cot/cotstatements/cotstatementsyrs/cotstatements2011/cot201101,CommitteeDocumentCOT
570089,/science/ouradvisors/cot/cotstatements/cotstatementsyrs/cotstatements2011/cot201102,CommitteeDocumentCOT
573577,/science/ouradvisors/cot/cotstatements/cotstatementsyrs/cotstatements2011/cot201103,CommitteeDocumentCOT
576054,/science/ouradvisors/cot/cotstatements/cotstatementsyrs/cotstatements2011/cot201104,CommitteeDocumentCOT
591640,/science/ouradvisors/cot/cotstatements/cotstatementsyrs/cotstatements2011/cot201105,CommitteeDocumentCOT
593556,/science/ouradvisors/cot/cotstatements/cotstatementsyrs/cotstatements2011/cot201106,CommitteeDocumentCOT
604133,/science/ouradvisors/cot/cotstatements/cotstatementsyrs/cotstatements2011/cot201107,CommitteeDocumentCOT
609517,/science/ouradvisors/cot/cotstatements/cotstatementsyrs/cotstatements2012/,CommitteeBranchCOT
646694,/science/ouradvisors/cot/cotstatements/cotstatementsyrs/cotstatements2012/646694,CommitteeDocumentCOT
650147,/science/ouradvisors/cot/cotstatements/cotstatementsyrs/cotstatements2012/650147,CommitteeDocumentCOT
609886,/science/ouradvisors/cot/cotstatements/cotstatementsyrs/cotstatements2012/cot201201,CommitteeDocumentCOT
652171,/science/ouradvisors/cot/cotstatements/cotstatementsyrs/cotstatements2012/cotstatement201204,CommitteeDocumentCOT
650149,/science/ouradvisors/cot/cotstatements/cotstatementsyrs/cotstatements2013/,CommitteeBranchCOT
677488,/science/ouradvisors/cot/cotstatements/cotstatementsyrs/cotstatements2013/aluminium,CommitteeDocumentCOT
696586,/science/ouradvisors/cot/cotstatements/cotstatementsyrs/cotstatements2013/cotposaspartame,CommitteeDocumentCOT
693949,/science/ouradvisors/cot/cotstatements/cotstatementsyrs/cotstatements2013/cotpospacabair,CommitteeDocumentCOT
707385,/science/ouradvisors/cot/cotstatements/cotstatementsyrs/cotstatements2013/cotstatphytos,CommitteeDocumentCOT
705925,/science/ouradvisors/cot/cotstatements/cotstatementsyrs/cotstatements2013/cotstavita,CommitteeDocumentCOT
680876,/science/ouradvisors/cot/cotstatements/cotstatementsyrs/cotstatements2013/lead,CommitteeDocumentCOT
706042,/science/ouradvisors/cot/cotstatements/cotstatementsyrs/cotstatements2014/,CommitteeBranchCOT
708460,/science/ouradvisors/cot/cotstatements/cotstatementsyrs/cotstatements2014/cotpospapot,CommitteeDocumentCOT
712917,/science/ouradvisors/cot/cotstatements/cotstatementsyrs/cotstatements2014/cotstatmonhchs,CommitteeDocumentCOT
706903,/science/ouradvisors/cot/cotstatements/cotstatementsyrs/cotstatements2014/cotstatorg,CommitteeDocumentCOT
712914,/science/ouradvisors/cot/cotstatements/cotstatementsyrs/cotstatements2014/cotstmtonpfos,CommitteeDocumentCOT
436226,/science/ouradvisors/cot/cotwg/,CommitteeBranchCOT
436232,/science/ouradvisors/cot/cotwg/foodintolwg/,CommitteeBranchCOT
436031,/science/ouradvisors/cot/cotwg/lowermoorsub/,CommitteeBranchCOT
461521,/science/ouradvisors/cot/cotwg/lowermoorsub/draftlowermoorreport/,CommitteeBranchCOT
437242,/science/ouradvisors/cot/cotwg/lowermoorsub/lowermoormembers,CommitteeDocumentCOT
436280,/science/ouradvisors/cot/cotwg/lowermoorsub/lowermoormtgs/,CommitteeBranchCOT
647828,/science/ouradvisors/cot/cotwg/lowermoorsub/lowermoormtgs/647828/,CommitteeBranchCOT
647830,/science/ouradvisors/cot/cotwg/lowermoorsub/lowermoormtgs/647828/lowermooragenda647830,CommitteeDocumentCOT
436265,/science/ouradvisors/cot/cotwg/lowermoorsub/lowermoormtgs/lowermoormeet0507/,CommitteeBranchCOT
510671,/science/ouradvisors/cot/cotwg/lowermoorsub/lowermoormtgs/lowermoormeet0507/lowermoordraftmins7may07,CommitteeDocumentCOT
437164,/science/ouradvisors/cot/cotwg/lowermoorsub/lowermoormtgs/lowermoormeet0507/lowermoormeet0507agenda,CommitteeDocumentCOT
594200,/science/ouradvisors/cot/cotwg/lowermoorsub/lowermoormtgs/lowermoormeet081211/,CommitteeBranchCOT
647891,/science/ouradvisors/cot/cotwg/lowermoorsub/lowermoormtgs/lowermoormeet081211/647891,CommitteeDocumentCOT
594211,/science/ouradvisors/cot/cotwg/lowermoorsub/lowermoormtgs/lowermoormeet081211/lowermoormeet081211,CommitteeDocumentCOT
436238,/science/ouradvisors/cot/cotwg/lowermoorsub/lowermoormtgs/lowermoormeet10mar03/,CommitteeBranchCOT
437170,/science/ouradvisors/cot/cotwg/lowermoorsub/lowermoormtgs/lowermoormeet10mar03/lowermooragenda10mar03,CommitteeDocumentCOT
437206,/science/ouradvisors/cot/cotwg/lowermoorsub/lowermoormtgs/lowermoormeet10mar03/lowermoormins10mar03,CommitteeDocumentCOT
436241,/science/ouradvisors/cot/cotwg/lowermoorsub/lowermoormtgs/lowermoormeet10oct05/,CommitteeBranchCOT
437173,/science/ouradvisors/cot/cotwg/lowermoorsub/lowermoormtgs/lowermoormeet10oct05/lowermooragenda10oct05,CommitteeDocumentCOT
437209,/science/ouradvisors/cot/cotwg/lowermoorsub/lowermoormtgs/lowermoormeet10oct05/lowermoormins10oct05,CommitteeDocumentCOT
436244,/science/ouradvisors/cot/cotwg/lowermoorsub/lowermoormtgs/lowermoormeet14dec04/,CommitteeBranchCOT
437176,/science/ouradvisors/cot/cotwg/lowermoorsub/lowermoormtgs/lowermoormeet14dec04/lowermooragenda14dec04,CommitteeDocumentCOT
437212,/science/ouradvisors/cot/cotwg/lowermoorsub/lowermoormtgs/lowermoormeet14dec04/lowermoormeetmins14dec04,CommitteeDocumentCOT
436247,/science/ouradvisors/cot/cotwg/lowermoorsub/lowermoormtgs/lowermoormeet14jun05/,CommitteeBranchCOT
437179,/science/ouradvisors/cot/cotwg/lowermoorsub/lowermoormtgs/lowermoormeet14jun05/lowermooragenda14jun05,CommitteeDocumentCOT
437215,/science/ouradvisors/cot/cotwg/lowermoorsub/lowermoormtgs/lowermoormeet14jun05/lowermoormins14jun05,CommitteeDocumentCOT
436250,/science/ouradvisors/cot/cotwg/lowermoorsub/lowermoormtgs/lowermoormeet15sept03/,CommitteeBranchCOT
437182,/science/ouradvisors/cot/cotwg/lowermoorsub/lowermoormtgs/lowermoormeet15sept03/lowermooragenda15sept03,CommitteeDocumentCOT
437218,/science/ouradvisors/cot/cotwg/lowermoorsub/lowermoormtgs/lowermoormeet15sept03/lowermoormeetmins15sept03,CommitteeDocumentCOT
443808,/science/ouradvisors/cot/cotwg/lowermoorsub/lowermoormtgs/lowermoormeet161001/,CommitteeBranchCOT
443811,/science/ouradvisors/cot/cotwg/lowermoorsub/lowermoormtgs/lowermoormeet161001/lowermoormeetagenda161001,CommitteeDocumentCOT
443961,/science/ouradvisors/cot/cotwg/lowermoorsub/lowermoormtgs/lowermoormeet161001/lowermoormins16oct01,CommitteeDocumentCOT
436253,/science/ouradvisors/cot/cotwg/lowermoorsub/lowermoormtgs/lowermoormeet16jul02/,CommitteeBranchCOT
437185,/science/ouradvisors/cot/cotwg/lowermoorsub/lowermoormtgs/lowermoormeet16jul02/lowermooragenda16jul02,CommitteeDocumentCOT
443799,/science/ouradvisors/cot/cotwg/lowermoorsub/lowermoormtgs/lowermoormeet16jul02/lowermoormeetmin16jul02,CommitteeDocumentCOT
443965,/science/ouradvisors/cot/cotwg/lowermoorsub/lowermoormtgs/lowermoormeet190503/,CommitteeBranchCOT
443972,/science/ouradvisors/cot/cotwg/lowermoorsub/lowermoormtgs/lowermoormeet190503/lowermoormeet19may03agenda,CommitteeDocumentCOT
444037,/science/ouradvisors/cot/cotwg/lowermoorsub/lowermoormtgs/lowermoormeet190503/lowermoormins19may03,CommitteeDocumentCOT
444062,/science/ouradvisors/cot/cotwg/lowermoorsub/lowermoormtgs/lowermoormeet191102/,CommitteeBranchCOT
444073,/science/ouradvisors/cot/cotwg/lowermoorsub/lowermoormtgs/lowermoormeet191102/lowermooragenda19nov02,CommitteeDocumentCOT
444064,/science/ouradvisors/cot/cotwg/lowermoorsub/lowermoormtgs/lowermoormeet191102/lowermoormins19nov02,CommitteeDocumentCOT
444120,/science/ouradvisors/cot/cotwg/lowermoorsub/lowermoormtgs/lowermoormeet220102/,CommitteeBranchCOT
444122,/science/ouradvisors/cot/cotwg/lowermoorsub/lowermoormtgs/lowermoormeet220102/lowermooragenda22jan02,CommitteeDocumentCOT
444131,/science/ouradvisors/cot/cotwg/lowermoorsub/lowermoormtgs/lowermoormeet220102/lowermoormins22jan02,CommitteeDocumentCOT
444143,/science/ouradvisors/cot/cotwg/lowermoorsub/lowermoormtgs/lowermoormeet241103/,CommitteeBranchCOT
444145,/science/ouradvisors/cot/cotwg/lowermoorsub/lowermoormtgs/lowermoormeet241103/lowermooragenda24nov03,CommitteeDocumentCOT
444149,/science/ouradvisors/cot/cotwg/lowermoorsub/lowermoormtgs/lowermoormeet241103/lowermoormins24nov03,CommitteeDocumentCOT
444157,/science/ouradvisors/cot/cotwg/lowermoorsub/lowermoormtgs/lowermoormeet25sept06/,CommitteeBranchCOT
444174,/science/ouradvisors/cot/cotwg/lowermoorsub/lowermoormtgs/lowermoormeet25sept06/lowermooragenda26sept06,CommitteeDocumentCOT
469950,/science/ouradvisors/cot/cotwg/lowermoorsub/lowermoormtgs/lowermoormeet25sept06/lowermoormins19jan07,CommitteeDocumentCOT
436256,/science/ouradvisors/cot/cotwg/lowermoorsub/lowermoormtgs/lowermoormeet26jul04/,CommitteeBranchCOT
437188,/science/ouradvisors/cot/cotwg/lowermoorsub/lowermoormtgs/lowermoormeet26jul04/lowermooragenda26jul04,CommitteeDocumentCOT
437221,/science/ouradvisors/cot/cotwg/lowermoorsub/lowermoormtgs/lowermoormeet26jul04/lowermoormins26jul04,CommitteeDocumentCOT
444188,/science/ouradvisors/cot/cotwg/lowermoorsub/lowermoormtgs/lowermoormeet270103/,CommitteeBranchCOT
444423,/science/ouradvisors/cot/cotwg/lowermoorsub/lowermoormtgs/lowermoormeet270103/lowermoormins27jan03,CommitteeDocumentCOT
444190,/science/ouradvisors/cot/cotwg/lowermoorsub/lowermoormtgs/lowermoormeet270103/lowermoorsubgroupagenda27jan03,CommitteeDocumentCOT
444466,/science/ouradvisors/cot/cotwg/lowermoorsub/lowermoormtgs/lowermoormeet290502/,CommitteeBranchCOT
444474,/science/ouradvisors/cot/cotwg/lowermoorsub/lowermoormtgs/lowermoormeet290502/lowermooragenda29may02,CommitteeDocumentCOT
444481,/science/ouradvisors/cot/cotwg/lowermoorsub/lowermoormtgs/lowermoormeet290502/lowermoormins29may02,CommitteeDocumentCOT
436259,/science/ouradvisors/cot/cotwg/lowermoorsub/lowermoormtgs/lowermoormeet29mar04/,CommitteeBranchCOT
437191,/science/ouradvisors/cot/cotwg/lowermoorsub/lowermoormtgs/lowermoormeet29mar04/lowermooragenda29mar04,CommitteeDocumentCOT
437224,/science/ouradvisors/cot/cotwg/lowermoorsub/lowermoormtgs/lowermoormeet29mar04/lowermoormins29mar04,CommitteeDocumentCOT
444836,/science/ouradvisors/cot/cotwg/lowermoorsub/lowermoormtgs/lowermoormeet30sept02/,CommitteeBranchCOT
444841,/science/ouradvisors/cot/cotwg/lowermoorsub/lowermoormtgs/lowermoormeet30sept02/lowermooragenda30sept02,CommitteeDocumentCOT
444882,/science/ouradvisors/cot/cotwg/lowermoorsub/lowermoormtgs/lowermoormeet30sept02/lowermoormins30sept02,CommitteeDocumentCOT
436262,/science/ouradvisors/cot/cotwg/lowermoorsub/lowermoormtgs/lowermoormeet34apr02/,CommitteeBranchCOT
437194,/science/ouradvisors/cot/cotwg/lowermoorsub/lowermoormtgs/lowermoormeet34apr02/lowermoormeet34apr02agenda,CommitteeDocumentCOT
437227,/science/ouradvisors/cot/cotwg/lowermoorsub/lowermoormtgs/lowermoormeet34apr02/lowermoorsubmins34apr02,CommitteeDocumentCOT
436268,/science/ouradvisors/cot/cotwg/lowermoorsub/lowermoormtgs/lowermoormeet6sept04/,CommitteeBranchCOT
437167,/science/ouradvisors/cot/cotwg/lowermoorsub/lowermoormtgs/lowermoormeet6sept04/lowermoormeet06sept04agenda,CommitteeDocumentCOT
437230,/science/ouradvisors/cot/cotwg/lowermoorsub/lowermoormtgs/lowermoormeet6sept04/lowermoormeetmins6sept04,CommitteeDocumentCOT
436277,/science/ouradvisors/cot/cotwg/lowermoorsub/lowermoormtgs/lowermoormeet7feb04/,CommitteeBranchCOT
437203,/science/ouradvisors/cot/cotwg/lowermoorsub/lowermoormtgs/lowermoormeet7feb04/lowermoormeetagenda9feb04,CommitteeDocumentCOT
437239,/science/ouradvisors/cot/cotwg/lowermoorsub/lowermoormtgs/lowermoormeet7feb04/lowermoormeetmins9feb04,CommitteeDocumentCOT
436271,/science/ouradvisors/cot/cotwg/lowermoorsub/lowermoormtgs/lowermoormeet7jul03/,CommitteeBranchCOT
437197,/science/ouradvisors/cot/cotwg/lowermoorsub/lowermoormtgs/lowermoormeet7jul03/lowermoormeetagenda7jul03,CommitteeDocumentCOT
437233,/science/ouradvisors/cot/cotwg/lowermoorsub/lowermoormtgs/lowermoormeet7jul03/lowermoormeetmins7jul03,CommitteeDocumentCOT
436274,/science/ouradvisors/cot/cotwg/lowermoorsub/lowermoormtgs/lowermoormeet7jun04/,CommitteeBranchCOT
437200,/science/ouradvisors/cot/cotwg/lowermoorsub/lowermoormtgs/lowermoormeet7jun04/lowermoormeetagenda7jun04,CommitteeDocumentCOT
437236,/science/ouradvisors/cot/cotwg/lowermoorsub/lowermoormtgs/lowermoormeet7jun04/lowermoormeetmins7jun04,CommitteeDocumentCOT
614329,/science/ouradvisors/cot/cotwg/lowermoorsub/lowermoormtgs/lowermoormeeti02072012/,CommitteeBranchCOT
647894,/science/ouradvisors/cot/cotwg/lowermoorsub/lowermoormtgs/lowermoormeeti02072012/647894,CommitteeDocumentCOT
614368,/science/ouradvisors/cot/cotwg/lowermoorsub/lowermoormtgs/lowermoormeeti02072012/lowermoormeet020712,CommitteeDocumentCOT
477551,/science/ouradvisors/cot/cotwg/lowermoorsub/lowermoormtgs/lowermoorpubmeet15feb05/,CommitteeBranchCOT
477670,/science/ouradvisors/cot/cotwg/lowermoorsub/lowermoormtgs/lowermoorpubmeet2apr2002/,CommitteeBranchCOT
436283,/science/ouradvisors/cot/cotwg/lowermoorsub/lowermoornews/,CommitteeBranchCOT
437308,/science/ouradvisors/cot/cotwg/peanutallergywg,CommitteeDocumentCOT
436352,/science/ouradvisors/cot/cotwg/wg_phyto/,CommitteeBranchCOT
437500,/science/ouradvisors/cot/cotwg/wg_phyto/backgroundphyto,CommitteeDocumentCOT
437248,/science/ouradvisors/cot/cotwg/wg_phyto/interests,CommitteeDocumentCOT
437245,/science/ouradvisors/cot/cotwg/wg_phyto/members,CommitteeDocumentCOT
436289,/science/ouradvisors/cot/cotwg/wg_phyto/phytomeetings/,CommitteeBranchCOT
436421,/science/ouradvisors/cot/cotwg/wg_phyto/phytomeetings/phytoestrogenmeets070103/,CommitteeBranchCOT
436418,/science/ouradvisors/cot/cotwg/wg_phyto/phytomeetings/wgp1/,CommitteeBranchCOT
437497,/science/ouradvisors/cot/cotwg/wg_phyto/phytomeetings/wgp1/minutes,CommitteeDocumentCOT
437302,/science/ouradvisors/cot/cotwg/wg_phyto/phytomeetings/wgp1/papers,CommitteeDocumentCOT
437482,/science/ouradvisors/cot/cotwg/wg_phyto/phytomeetings/wgp1/wgphytoagenda3apr00,CommitteeDocumentCOT
436409,/science/ouradvisors/cot/cotwg/wg_phyto/phytomeetings/wgp2/,CommitteeBranchCOT
437473,/science/ouradvisors/cot/cotwg/wg_phyto/phytomeetings/wgp2/agenda,CommitteeDocumentCOT
437488,/science/ouradvisors/cot/cotwg/wg_phyto/phytomeetings/wgp2/minutesphytoestrogens130600,CommitteeDocumentCOT
436307,/science/ouradvisors/cot/cotwg/wg_phyto/phytomeetings/wgp2/papers/,CommitteeBranchCOT
436412,/science/ouradvisors/cot/cotwg/wg_phyto/phytomeetings/wgp4/,CommitteeBranchCOT
437476,/science/ouradvisors/cot/cotwg/wg_phyto/phytomeetings/wgp4/agenda,CommitteeDocumentCOT
436304,/science/ouradvisors/cot/cotwg/wg_phyto/phytomeetings/wgp4/papers/,CommitteeBranchCOT
437491,/science/ouradvisors/cot/cotwg/wg_phyto/phytomeetings/wgp4/Phytoestrogensmeeting160101,CommitteeDocumentCOT
436406,/science/ouradvisors/cot/cotwg/wg_phyto/phytomeetings/wgp5/,CommitteeBranchCOT
437485,/science/ouradvisors/cot/cotwg/wg_phyto/phytomeetings/wgp5/57792,CommitteeDocumentCOT
437470,/science/ouradvisors/cot/cotwg/wg_phyto/phytomeetings/wgp5/agenda,CommitteeDocumentCOT
436310,/science/ouradvisors/cot/cotwg/wg_phyto/phytomeetings/wgp5/peg120301papers/,CommitteeBranchCOT
436415,/science/ouradvisors/cot/cotwg/wg_phyto/phytomeetings/wpg3/,CommitteeBranchCOT
437479,/science/ouradvisors/cot/cotwg/wg_phyto/phytomeetings/wpg3/agenda,CommitteeDocumentCOT
437494,/science/ouradvisors/cot/cotwg/wg_phyto/phytomeetings/wpg3/minutes,CommitteeDocumentCOT
437305,/science/ouradvisors/cot/cotwg/wg_phyto/phytomeetings/wpg3/papers,CommitteeDocumentCOT
437347,/science/ouradvisors/cot/cotwg/wg_phyto/submissions,CommitteeDocumentCOT
664623,/science/ouradvisors/cot/cotwg/wgorganophhealth/,CommitteeBranchCOT
664632,/science/ouradvisors/cot/cotwg/wgorganophhealth/minworkgp14feb.pdf,CommitteeDocumentCOT
436349,/science/ouradvisors/cot/cotwg/wgorganophospates/,CommitteeBranchCOT
436286,/science/ouradvisors/cot/cotwg/wgorganophospates/opsmeetings/,CommitteeBranchCOT
437260,/science/ouradvisors/cot/cotwg/wgorganophospates/opsmeetings/opsmtdec98,CommitteeDocumentCOT
437278,/science/ouradvisors/cot/cotwg/wgorganophospates/opsmeetings/opsmtfeb99,CommitteeDocumentCOT
437287,/science/ouradvisors/cot/cotwg/wgorganophospates/opsmeetings/opsmtjan99,CommitteeDocumentCOT
437272,/science/ouradvisors/cot/cotwg/wgorganophospates/opsmeetings/opsmtjul98,CommitteeDocumentCOT
437284,/science/ouradvisors/cot/cotwg/wgorganophospates/opsmeetings/opsmtjul99,CommitteeDocumentCOT
437263,/science/ouradvisors/cot/cotwg/wgorganophospates/opsmeetings/opsmtjun99,CommitteeDocumentCOT
437296,/science/ouradvisors/cot/cotwg/wgorganophospates/opsmeetings/opsmtmar99,CommitteeDocumentCOT
437290,/science/ouradvisors/cot/cotwg/wgorganophospates/opsmeetings/opsmtmay98,CommitteeDocumentCOT
437266,/science/ouradvisors/cot/cotwg/wgorganophospates/opsmeetings/opsmtmay99,CommitteeDocumentCOT
437293,/science/ouradvisors/cot/cotwg/wgorganophospates/opsmeetings/opsmtnov98,CommitteeDocumentCOT
437269,/science/ouradvisors/cot/cotwg/wgorganophospates/opsmeetings/opsmtoct98,CommitteeDocumentCOT
437275,/science/ouradvisors/cot/cotwg/wgorganophospates/opsmeetings/opsmtsep98,CommitteeDocumentCOT
437281,/science/ouradvisors/cot/cotwg/wgorganophospates/opsmeetings/opsmtsep99,CommitteeDocumentCOT
437317,/science/ouradvisors/cot/cotwg/wgorganophospates/opsquestions,CommitteeDocumentCOT
437251,/science/ouradvisors/cot/cotwg/wgorganophospates/owgmembers,CommitteeDocumentCOT
437161,/science/ouradvisors/cot/cotwg/wgorganophospates/owgsubmisssions,CommitteeDocumentCOT
436355,/science/ouradvisors/cot/cotwg/wgvut/,CommitteeBranchCOT
436301,/science/ouradvisors/cot/cotwg/wgvut/more_about/,CommitteeBranchCOT
437369,/science/ouradvisors/cot/cotwg/wgvut/more_about/reference,CommitteeDocumentCOT
437254,/science/ouradvisors/cot/cotwg/wgvut/more_about/wguvt,CommitteeDocumentCOT
436292,/science/ouradvisors/cot/cotwg/wgvut/wgvut/,CommitteeBranchCOT
436322,/science/ouradvisors/cot/cotwg/wgvut/wgvut/234944/,CommitteeBranchCOT
437420,/science/ouradvisors/cot/cotwg/wgvut/wgvut/234944/vutfinalmin18october2004,CommitteeDocumentCOT
437392,/science/ouradvisors/cot/cotwg/wgvut/wgvut/234944/wgvutagenda,CommitteeDocumentCOT
436328,/science/ouradvisors/cot/cotwg/wgvut/wgvut/vut_meeting/,CommitteeBranchCOT
437398,/science/ouradvisors/cot/cotwg/wgvut/wgvut/vut_meeting/159351,CommitteeDocumentCOT
436313,/science/ouradvisors/cot/cotwg/wgvut/wgvut/wgvut14apr2004/,CommitteeBranchCOT
437383,/science/ouradvisors/cot/cotwg/wgvut/wgvut/wgvut14apr2004/198474,CommitteeDocumentCOT
437413,/science/ouradvisors/cot/cotwg/wgvut/wgvut/wgvut14apr2004/vutmin14april2004,CommitteeDocumentCOT
436316,/science/ouradvisors/cot/cotwg/wgvut/wgvut/wgvut14nov03/,CommitteeBranchCOT
437386,/science/ouradvisors/cot/cotwg/wgvut/wgvut/wgvut14nov03/146093,CommitteeDocumentCOT
437417,/science/ouradvisors/cot/cotwg/wgvut/wgvut/wgvut14nov03/vutmin14november2003,CommitteeDocumentCOT
436331,/science/ouradvisors/cot/cotwg/wgvut/wgvut/wgvutmeet07dec05/,CommitteeBranchCOT
437426,/science/ouradvisors/cot/cotwg/wgvut/wgvut/wgvutmeet07dec05/finalvutminutes7december2005,CommitteeDocumentCOT
437401,/science/ouradvisors/cot/cotwg/wgvut/wgvut/wgvutmeet07dec05/wgvutagenda7dec05,CommitteeDocumentCOT
436334,/science/ouradvisors/cot/cotwg/wgvut/wgvut/wgvutmeet09jun05/,CommitteeBranchCOT
437410,/science/ouradvisors/cot/cotwg/wgvut/wgvut/wgvutmeet09jun05/draftvutminutes9june2005,CommitteeDocumentCOT
437404,/science/ouradvisors/cot/cotwg/wgvut/wgvut/wgvutmeet09jun05/wgvutagenda09jun05,CommitteeDocumentCOT
436319,/science/ouradvisors/cot/cotwg/wgvut/wgvut/wgvutmeet16oct06/,CommitteeBranchCOT
437389,/science/ouradvisors/cot/cotwg/wgvut/wgvut/wgvutmeet16oct06/wgvutagenda16oct06,CommitteeDocumentCOT
437407,/science/ouradvisors/cot/cotwg/wgvut/wgvut/wgvutmeet16oct06/wgvutdraftmins16oct06,CommitteeDocumentCOT
436325,/science/ouradvisors/cot/cotwg/wgvut/wgvut/wgvutmeet28feb05/,CommitteeBranchCOT
437423,/science/ouradvisors/cot/cotwg/wgvut/wgvut/wgvutmeet28feb05/finalvutminutes28february2005,CommitteeDocumentCOT
437395,/science/ouradvisors/cot/cotwg/wgvut/wgvut/wgvutmeet28feb05/wgvutagenda28feb05,CommitteeDocumentCOT
436346,/science/ouradvisors/cot/cotwg/wigramp/,CommitteeBranchCOT
437158,/science/ouradvisors/cot/cotwg/wigramp/members,CommitteeDocumentCOT
437338,/science/ouradvisors/cot/cotwg/wigramp/stakeholder,CommitteeDocumentCOT
437441,/science/ouradvisors/cot/cotwg/wigramp/wigrampfinalreport,CommitteeDocumentCOT
436343,/science/ouradvisors/cot/cotwg/wigramp/wigrampmtgs/,CommitteeBranchCOT
436448,/science/ouradvisors/cot/cotwg/wigramp/wigrampmtgs/42615/,CommitteeBranchCOT
437444,/science/ouradvisors/cot/cotwg/wigramp/wigrampmtgs/42615/wigrampagendapaps28feb02,CommitteeDocumentCOT
436436,/science/ouradvisors/cot/cotwg/wigramp/wigrampmtgs/48286/,CommitteeBranchCOT
437454,/science/ouradvisors/cot/cotwg/wigramp/wigrampmtgs/48286/agenda19dec2001,CommitteeDocumentCOT
506678,/science/ouradvisors/cot/cotwg/wigramp/wigrampmtgs/48286/wigmins19dec2001,CommitteeDocumentCOT
436442,/science/ouradvisors/cot/cotwg/wigramp/wigrampmtgs/48290/,CommitteeBranchCOT
436298,/science/ouradvisors/cot/cotwg/wigramp/wigrampmtgs/48290/minutes/,CommitteeBranchCOT
436013,/science/ouradvisors/cot/cotwg/wigramp/wigrampmtgs/48290/wigrampagenda31jan02/,CommitteeBranchCOT
436433,/science/ouradvisors/cot/cotwg/wigramp/wigrampmtgs/wgrp1/,CommitteeBranchCOT
437435,/science/ouradvisors/cot/cotwg/wigramp/wigrampmtgs/wgrp1/agenda19dec2000,CommitteeDocumentCOT
509382,/science/ouradvisors/cot/cotwg/wigramp/wigrampmtgs/wgrp1/wigrampmins19dec2003,CommitteeDocumentCOT
436427,/science/ouradvisors/cot/cotwg/wigramp/wigrampmtgs/wgrp2/,CommitteeBranchCOT
437429,/science/ouradvisors/cot/cotwg/wigramp/wigrampmtgs/wgrp2/agenda,CommitteeDocumentCOT
437458,/science/ouradvisors/cot/cotwg/wigramp/wigrampmtgs/wgrp2/wigrampmin13feb01s,CommitteeDocumentCOT
436430,/science/ouradvisors/cot/cotwg/wigramp/wigrampmtgs/wgrp3/,CommitteeBranchCOT
437432,/science/ouradvisors/cot/cotwg/wigramp/wigrampmtgs/wgrp3/agenda16jul2001,CommitteeDocumentCOT
437464,/science/ouradvisors/cot/cotwg/wigramp/wigrampmtgs/wgrp3/minutes,CommitteeDocumentCOT
436424,/science/ouradvisors/cot/cotwg/wigramp/wigrampmtgs/wgrp4/,CommitteeBranchCOT
436439,/science/ouradvisors/cot/cotwg/wigramp/wigrampmtgs/wgrp5/,CommitteeBranchCOT
437461,/science/ouradvisors/cot/cotwg/wigramp/wigrampmtgs/wgrp5/42237,CommitteeDocumentCOT
437438,/science/ouradvisors/cot/cotwg/wigramp/wigrampmtgs/wgrp5/agenda,CommitteeDocumentCOT
436445,/science/ouradvisors/cot/cotwg/wigramp/wigrampmtgs/wgrp6/,CommitteeBranchCOT
436460,/science/ouradvisors/cot/cotwg/wigramp/wigrampmtgs/wgrp6/wigrampagenda9oct01,CommitteeDocumentCOT
437467,/science/ouradvisors/cot/cotwg/wigramp/wigrampmtgs/wgrp6/wigrampmins9oct01,CommitteeDocumentCOT
436340,/science/ouradvisors/cot/cotwg/wigramp/wigrampmtgs/wigmtg9Apr02/,CommitteeBranchCOT
436016,/science/ouradvisors/cot/cotwg/wigramp/wigrampmtgs/wigmtg9Apr02/wigrampagenda9apr2002/,CommitteeBranchCOT
437447,/science/ouradvisors/cot/cotwg/wigramp/wigrampmtgs/wigmtg9Apr02/wigrampmins9apr2002,CommitteeDocumentCOT
436337,/science/ouradvisors/cot/cotwg/wigramp/wigrampmtgs/wigramp1101/,CommitteeBranchCOT
505912,/science/ouradvisors/cot/cotwg/wigramp/wigrampmtgs/wigramp1101/wigagenda13nov2001,CommitteeDocumentCOT
509366,/science/ouradvisors/cot/cotwg/wigramp/wigrampmtgs/wigramp1101/wigrampdraftmins13nov2001,CommitteeDocumentCOT
437450,/science/ouradvisors/cot/cotwg/wigramp/wigrampreflist,CommitteeDocumentCOT
437366,/science/ouradvisors/cot/cotwg/wigramp/wigramptermsofref,CommitteeDocumentCOT
436178,/science/ouradvisors/cot/membership/,CommitteeBranchCOT
437098,/science/ouradvisors/cot/membership/conduct,CommitteeDocumentCOT
436513,/science/ouradvisors/cot/membership/cotchair,CommitteeDocumentCOT
455508,/science/ouradvisors/cot/membership/cotmembers,CommitteeDocumentCOT
437335,/science/ouradvisors/cot/membership/cotsecr,CommitteeDocumentCOT
436295,/science/ouradvisors/cot/membership/members/,CommitteeBranchCOT
472125,/science/ouradvisors/cot/membership/members/ahansell,CommitteeDocumentCOT
541685,/science/ouradvisors/cot/membership/members/bhouston,CommitteeDocumentCOT
496615,/science/ouradvisors/cot/membership/members/blake,CommitteeDocumentCOT
700645,/science/ouradvisors/cot/membership/members/charris,CommitteeDocumentCOT
541679,/science/ouradvisors/cot/membership/members/dbodey,CommitteeDocumentCOT
437110,/science/ouradvisors/cot/membership/members/dharrison,CommitteeDocumentCOT
606910,/science/ouradvisors/cot/membership/members/fwilliams,CommitteeDocumentCOT
437131,/science/ouradvisors/cot/membership/members/imorris,CommitteeDocumentCOT
564993,/science/ouradvisors/cot/membership/members/janetcade,CommitteeDocumentCOT
541762,/science/ouradvisors/cot/membership/members/jthompson,CommitteeDocumentCOT
562979,/science/ouradvisors/cot/membership/members/mgraham,CommitteeDocumentCOT
437257,/science/ouradvisors/cot/membership/members/nplant,CommitteeDocumentCOT
554960,/science/ouradvisors/cot/membership/members/rbrimblecombe,CommitteeDocumentCOT
700642,/science/ouradvisors/cot/membership/members/rcrevel,CommitteeDocumentCOT
606906,/science/ouradvisors/cot/membership/members/rharrison,CommitteeDocumentCOT
541758,/science/ouradvisors/cot/membership/members/rsmith,CommitteeDocumentCOT
436010,/science/ouradvisors/cot/moreinfo/,CommitteeBranchCOT
436471,/science/ouradvisors/cot/moreinfo/chemrisks,CommitteeDocumentCOT
436516,/science/ouradvisors/cot/moreinfo/cotglossary,CommitteeDocumentCOT
436522,/science/ouradvisors/cot/moreinfo/cotterms,CommitteeDocumentCOT
448854,/science/ouradvisors/cot/moreinfo/historyofthecot,CommitteeDocumentCOT
438124,/science/ouradvisors/cot/moreinfo/links/,CommitteeBranchCOT
437329,/science/ouradvisors/cot/moreinfo/riskanalysis,CommitteeDocumentCOT
451912,/science/ouradvisors/cot/risk/,CommitteeBranchCOT
451922,/science/ouradvisors/cot/risk/chemriskassess,CommitteeDocumentCOT
436851,/science/ouradvisors/cot/sistercomms,CommitteeDocumentCOT
438156,/science/ouradvisors/cot/textonlysettings,CommitteeDocument