541697,/enforcement/alerts/2010/apr/ellaschicmangoes,FoodHazardWarning
552079,/enforcement/alerts/2010/aug/vendingrevolution,FoodHazardWarning
561953,/enforcement/alerts/2010/dec/honeydewlondonpride,FoodHazardWarning
560253,/enforcement/alerts/2010/dec/inbevstella,FoodHazardWarning
562034,/enforcement/alerts/2010/dec/londonpride,FoodHazardWarning
561820,/enforcement/alerts/2010/dec/mccainsweetpotatorosemarygarlic,FoodHazardWarning
561970,/enforcement/alerts/2010/dec/mccainupdate,FoodHazardWarning
536413,/enforcement/alerts/2010/feb/chickenroll,FoodHazardWarning
536390,/enforcement/alerts/2010/feb/chillipastacontam,FoodHazardWarning
532921,/enforcement/alerts/2010/feb/heinzfruitycustardbabyfood,FoodHazardWarning
536423,/enforcement/alerts/2010/feb/sweetenedyoghurt,FoodHazardWarning
535642,/enforcement/alerts/2010/feb/thesmokehouse,FoodHazardWarning
536020,/enforcement/alerts/2010/feb/thesmokehouseupdateone,FoodHazardWarning
532264,/enforcement/alerts/2010/jan/seedlessraisins,FoodHazardWarning
549736,/enforcement/alerts/2010/jul/molsoncoolshomebeerunits,FoodHazardWarning
549318,/enforcement/alerts/2010/jul/morrisonsstrawberrycheesecakes,FoodHazardWarning
546582,/enforcement/alerts/2010/jun/coopgroupwine,FoodHazardWarning
547527,/enforcement/alerts/2010/jun/hovisheartyoatsloaf,FoodHazardWarning
538017,/enforcement/alerts/2010/mar/butterkistsweetmicrowavepopcorn,FoodHazardWarning
536783,/enforcement/alerts/2010/mar/morrisontoffeepecanicecream,FoodHazardWarning
536873,/enforcement/alerts/2010/mar/waitrosenaturalroastedpeanuts,FoodHazardWarning
545384,/enforcement/alerts/2010/may/cooppasta,FoodHazardWarning
544617,/enforcement/alerts/2010/may/nescafecollectionsrangecoffee,FoodHazardWarning
559241,/enforcement/alerts/2010/nov/cooplemonlimeflavourspringwater,FoodHazardWarning
558319,/enforcement/alerts/2010/nov/couscous,FoodHazardWarning
558605,/enforcement/alerts/2010/nov/granovitarecall2,FoodHazardWarning
557974,/enforcement/alerts/2010/nov/granovitaukltd,FoodHazardWarning
558860,/enforcement/alerts/2010/nov/inbevukbudweiser,FoodHazardWarning
559432,/enforcement/alerts/2010/nov/islandsunsemolina,FoodHazardWarning
558012,/enforcement/alerts/2010/nov/sokolowfafa152010update1,FoodHazardWarning
557744,/enforcement/alerts/2010/nov/tuborgbottledlager,FoodHazardWarning
558808,/enforcement/alerts/2010/nov/vitabiotics,FoodHazardWarning
559058,/enforcement/alerts/2010/nov/warburtonssixpackcrumpets,FoodHazardWarning
555953,/enforcement/alerts/2010/oct/adassmokedcatfishfillet,FoodHazardWarning
557452,/enforcement/alerts/2010/oct/sokolowblackpudding,FoodHazardWarning
556756,/enforcement/alerts/2010/oct/sokolowssausage,FoodHazardWarning
557264,/enforcement/alerts/2010/oct/sokolowssausageupdate,FoodHazardWarning
554955,/enforcement/alerts/2010/sep/aldistonemillcorianderupdate,FoodHazardWarning
554898,/enforcement/alerts/2010/sep/aldistonemillgroundcoriander,FoodHazardWarning
554510,/enforcement/alerts/2010/sep/ellaskitchenbabyfood,FoodHazardWarning
555044,/enforcement/alerts/2010/sep/morrisonminicoconutbites,FoodHazardWarning
555289,/enforcement/alerts/2010/sep/springhillpurespringwater,FoodHazardWarning
571568,/enforcement/alerts/2011/apr/bernardmatthewsturkeygoujons,FoodHazardWarning
571245,/enforcement/alerts/2011/apr/everestpaneer,FoodHazardWarning
572538,/enforcement/alerts/2011/apr/janeashercreationsmyfirstbakingmix,FoodHazardWarning
572510,/enforcement/alerts/2011/apr/milkybarbuttons,FoodHazardWarning
585079,/enforcement/alerts/2011/aug/asdadrinks,FoodHazardWarning
582779,/enforcement/alerts/2011/aug/kettlechips,FoodHazardWarning
585023,/enforcement/alerts/2011/aug/waitrosehhcb,FoodHazardWarning
595771,/enforcement/alerts/2011/dec/coopscottishsmokedsalmon,FoodHazardWarning
596063,/enforcement/alerts/2011/dec/natcofoodsltdgroundcumin,FoodHazardWarning
565867,/enforcement/alerts/2011/feb/aconbury,FoodHazardWarning
565394,/enforcement/alerts/2011/feb/masriverfrieddacefafaupdate,FoodHazardWarning
565041,/enforcement/alerts/2011/feb/masriverfrieddaceupdate,FoodHazardWarning
566496,/enforcement/alerts/2011/feb/morrisonsvaleofmowbrayporkpies,FoodHazardWarning
566432,/enforcement/alerts/2011/feb/tescofinest,FoodHazardWarning
565995,/enforcement/alerts/2011/feb/wellsyoungrecall,FoodHazardWarning
564157,/enforcement/alerts/2011/jan/chocolatedelightinstantcustardmix,FoodHazardWarning
564750,/enforcement/alerts/2011/jan/coopextramaturecheese,FoodHazardWarning
562784,/enforcement/alerts/2011/jan/leadinasphalia,FoodHazardWarning
563883,/enforcement/alerts/2011/jan/masriverfrieddace,FoodHazardWarning
562422,/enforcement/alerts/2011/jan/morrisonunsaltedpistachionuts,FoodHazardWarning
562866,/enforcement/alerts/2011/jan/rocks,FoodHazardWarning
564599,/enforcement/alerts/2011/jan/sainsburysfrenchracletteslices,FoodHazardWarning
582035,/enforcement/alerts/2011/jul/smokedhaddockcheddarleekfishcakes,FoodHazardWarning
575246,/enforcement/alerts/2011/jun/asianaltd,FoodHazardWarning
577649,/enforcement/alerts/2011/jun/coopsaladdressingproducts,FoodHazardWarning
576263,/enforcement/alerts/2011/jun/droetker,FoodHazardWarning
580511,/enforcement/alerts/2011/jun/farmergosdens,FoodHazardWarning
579917,/enforcement/alerts/2011/jun/morrisonsscottishcookedcrabclaws,FoodHazardWarning
567261,/enforcement/alerts/2011/mar/aconburyupdate,FoodHazardWarning
570625,/enforcement/alerts/2011/mar/fraybentoscannedmeatpie,FoodHazardWarning
570206,/enforcement/alerts/2011/mar/frijjstrawberrymilkshake,FoodHazardWarning
567366,/enforcement/alerts/2011/mar/lucozadesportlitesummerberries,FoodHazardWarning
569189,/enforcement/alerts/2011/mar/sokolowssausageupdate2,FoodHazardWarning
568843,/enforcement/alerts/2011/mar/waitrosecustard,FoodHazardWarning
574060,/enforcement/alerts/2011/may/asdasnacks,FoodHazardWarning
573384,/enforcement/alerts/2011/may/stmaartenclassicbelgiancheese,FoodHazardWarning
593517,/enforcement/alerts/2011/nov/bleikerssmokehouse,FoodHazardWarning
594341,/enforcement/alerts/2011/nov/britishbeeflargeroastingjoint,FoodHazardWarning
593983,/enforcement/alerts/2011/nov/dropvodka,FoodHazardWarning
594502,/enforcement/alerts/2011/nov/felkochristmasfigure,FoodHazardWarning
592947,/enforcement/alerts/2011/nov/loydgrossmankormasauce,FoodHazardWarning
590290,/enforcement/alerts/2011/oct/dolmiopastavita,FoodHazardWarning
591704,/enforcement/alerts/2011/oct/morrisonsshreddedduckkit,FoodHazardWarning
590444,/enforcement/alerts/2011/oct/rockfarmdairy,FoodHazardWarning
591418,/enforcement/alerts/2011/oct/scrumptiousbramleyapplecrumble,FoodHazardWarning
588512,/enforcement/alerts/2011/sep/heeramilkpowder,FoodHazardWarning
587475,/enforcement/alerts/2011/sep/morrisonsvaluelowfatfruityogurt,FoodHazardWarning
586235,/enforcement/alerts/2011/sep/stellaartoiscidre,FoodHazardWarning
633536,/enforcement/alerts/2012/aug/britvic-water,FoodHazardWarning
625359,/enforcement/alerts/2012/aug/pakora,FoodHazardWarning
630769,/enforcement/alerts/2012/aug/tesco-prawn-masala-recall,FoodHazardWarning
649352,/enforcement/alerts/2012/dec/argyll-smoked-prawns,FoodHazardWarning
648398,/enforcement/alerts/2012/dec/cheese-metal,FoodHazardWarning
648357,/enforcement/alerts/2012/dec/fish-balls,FoodHazardWarning
648086,/enforcement/alerts/2012/dec/harrods-cake-mould,FoodHazardWarning
649014,/enforcement/alerts/2012/dec/koonyickwahkee,FoodHazardWarning
649438,/enforcement/alerts/2012/dec/kywkupdate,FoodHazardWarning
649446,/enforcement/alerts/2012/dec/supervalu-peanuts,FoodHazardWarning
601984,/enforcement/alerts/2012/feb/mandschinese,FoodHazardWarning
604034,/enforcement/alerts/2012/feb/morrisonschocrecall,FoodHazardWarning
603981,/enforcement/alerts/2012/feb/sparchicken,FoodHazardWarning
599890,/enforcement/alerts/2012/jan/icelandfrozenlambmince,FoodHazardWarning
599190,/enforcement/alerts/2012/jan/smokedmackerel,FoodHazardWarning
598395,/enforcement/alerts/2012/jan/tapas,FoodHazardWarning
621595,/enforcement/alerts/2012/jul/botulinum-olives,FoodHazardWarning
615985,/enforcement/alerts/2012/jul/breckland,FoodHazardWarning
616051,/enforcement/alerts/2012/jul/cottrecall,FoodHazardWarning
617436,/enforcement/alerts/2012/jul/kraft-cheese-recall,FoodHazardWarning
622316,/enforcement/alerts/2012/jul/olivesupdate,FoodHazardWarning
620776,/enforcement/alerts/2012/jul/prompt-spread-recall,FoodHazardWarning
613976,/enforcement/alerts/2012/jun/chokablok,FoodHazardWarning
614481,/enforcement/alerts/2012/jun/sainsburys-salmonella-recall,FoodHazardWarning
604645,/enforcement/alerts/2012/mar/bandmsausages,FoodHazardWarning
606890,/enforcement/alerts/2012/mar/cottagepie,FoodHazardWarning
606429,/enforcement/alerts/2012/mar/morrisonsturkey,FoodHazardWarning
606622,/enforcement/alerts/2012/mar/turkeyupdate,FoodHazardWarning
612558,/enforcement/alerts/2012/may/morrisonscarrotcake,FoodHazardWarning
610838,/enforcement/alerts/2012/may/pepsico,FoodHazardWarning
611901,/enforcement/alerts/2012/may/sainsteacake,FoodHazardWarning
612583,/enforcement/alerts/2012/may/sparpudrice,FoodHazardWarning
642786,/enforcement/alerts/2012/nov/l-and-m-meats,FoodHazardWarning
646165,/enforcement/alerts/2012/nov/red-tree-recall,FoodHazardWarning
645296,/enforcement/alerts/2012/nov/usnutsalmonella2012,FoodHazardWarning
639746,/enforcement/alerts/2012/oct/beer-recall-update2,FoodHazardWarning
641961,/enforcement/alerts/2012/oct/cleone-jerk,FoodHazardWarning
640745,/enforcement/alerts/2012/oct/co-op-pasta-sauce,FoodHazardWarning
641997,/enforcement/alerts/2012/oct/farmfoods-meat,FoodHazardWarning
637159,/enforcement/alerts/2012/oct/lambsbrains,FoodHazardWarning
637525,/enforcement/alerts/2012/oct/lightbody-chewybars,FoodHazardWarning
637505,/enforcement/alerts/2012/oct/lubna-foods-dry-dates,FoodHazardWarning
639181,/enforcement/alerts/2012/oct/myprotein-liquid-egg,FoodHazardWarning
641386,/enforcement/alerts/2012/oct/nisa-biscuits,FoodHazardWarning
634091,/enforcement/alerts/2012/sep/beer-recall-update,FoodHazardWarning
634124,/enforcement/alerts/2012/sep/brasserie-st-omer-beer-recall-update,FoodHazardWarning
634203,/enforcement/alerts/2012/sep/brasserie-st-omer-NI-update,FoodHazardWarning
635150,/enforcement/alerts/2012/sep/britvic-water-2,FoodHazardWarning
633908,/enforcement/alerts/2012/sep/britvic-water-withdrawal,FoodHazardWarning
637085,/enforcement/alerts/2012/sep/heera-dry-dates,FoodHazardWarning
633843,/enforcement/alerts/2012/sep/sainsburys-beer-recall,FoodHazardWarning
664774,/enforcement/alerts/2013/apr/asda-corned-beef,FoodHazardWarning
665586,/enforcement/alerts/2013/apr/asda-porkegg-recall,FoodHazardWarning
665688,/enforcement/alerts/2013/apr/kingshillbakery-recall,FoodHazardWarning
665924,/enforcement/alerts/2013/apr/thorntons-chocolateglass-recall,FoodHazardWarning
665718,/enforcement/alerts/2013/apr/trs-milk-powder,FoodHazardWarning
683207,/enforcement/alerts/2013/aug/fentimans-recall,FoodHazardWarning
683411,/enforcement/alerts/2013/aug/lochduart-recall-update,FoodHazardWarning
682758,/enforcement/alerts/2013/aug/lochduartsalmon-recalled,FoodHazardWarning
681968,/enforcement/alerts/2013/aug/tesco-ambient-meals,FoodHazardWarning
697429,/enforcement/alerts/2013/dec/caribbean-soft-drink,FoodHazardWarning
698053,/enforcement/alerts/2013/dec/chenji-fish-balls,FoodHazardWarning
696329,/enforcement/alerts/2013/dec/ms-mussels,FoodHazardWarning
696753,/enforcement/alerts/2013/dec/smokedfish,FoodHazardWarning
698447,/enforcement/alerts/2013/dec/turkey-severnside,FoodHazardWarning
698542,/enforcement/alerts/2013/dec/turkey-update,FoodHazardWarning
697408,/enforcement/alerts/2013/dec/village-park-sliced-meats,FoodHazardWarning
655026,/enforcement/alerts/2013/feb/aldi-recall,FoodHazardWarning
657501,/enforcement/alerts/2013/feb/castle-withdraw,FoodHazardWarning
654789,/enforcement/alerts/2013/feb/findus-lasagne-recall,FoodHazardWarning
656717,/enforcement/alerts/2013/feb/knnatural-nuts-recall,FoodHazardWarning
654929,/enforcement/alerts/2013/feb/locharthur-criffel-recall,FoodHazardWarning
656860,/enforcement/alerts/2013/feb/locharthur-update,FoodHazardWarning
652616,/enforcement/alerts/2013/jan/cooperative-chicken-recall,FoodHazardWarning
651299,/enforcement/alerts/2013/jan/factoryoutlet-bakery-recall,FoodHazardWarning
650429,/enforcement/alerts/2013/jan/koonyickwahkeecurd-recall-2update,FoodHazardWarning
651127,/enforcement/alerts/2013/jan/sainburys-thyme-recall,FoodHazardWarning
650432,/enforcement/alerts/2013/jan/snax4u-recall-update,FoodHazardWarning
650293,/enforcement/alerts/2013/jan/snax4u-sandwiches-recall,FoodHazardWarning
650586,/enforcement/alerts/2013/jan/snax4u-sanwiches-recall,FoodHazardWarning
650729,/enforcement/alerts/2013/jan/snax4u-third-recall,FoodHazardWarning
651051,/enforcement/alerts/2013/jan/watsons-ribs-recall,FoodHazardWarning
678867,/enforcement/alerts/2013/july/asda-curriedchicken,FoodHazardWarning
676525,/enforcement/alerts/2013/july/barrlemonade-withdrawn,FoodHazardWarning
677414,/enforcement/alerts/2013/july/happy-digestives-recall,FoodHazardWarning
677586,/enforcement/alerts/2013/july/islandsalads-coleslaw-recall,FoodHazardWarning
679468,/enforcement/alerts/2013/july/licorice-root,FoodHazardWarning
677171,/enforcement/alerts/2013/july/morrisons-chicken-recalled,FoodHazardWarning
678857,/enforcement/alerts/2013/july/nemo-mincepie-withdrawn,FoodHazardWarning
672338,/enforcement/alerts/2013/june/benecolyogurt,FoodHazardWarning
672267,/enforcement/alerts/2013/june/chablis-recalled,FoodHazardWarning
673898,/enforcement/alerts/2013/june/dunnsdairy-recall,FoodHazardWarning
675992,/enforcement/alerts/2013/june/yeast-tesco-recall,FoodHazardWarning
663246,/enforcement/alerts/2013/march/kp-mccoys-crisps,FoodHazardWarning
659494,/enforcement/alerts/2013/march/locharthur-recall,FoodHazardWarning
662523,/enforcement/alerts/2013/march/nestle-kitkat-recall,FoodHazardWarning
658317,/enforcement/alerts/2013/march/pbfoods-coriander-recall,FoodHazardWarning
662217,/enforcement/alerts/2013/march/teddygrays-sweets-recall,FoodHazardWarning
694607,/enforcement/alerts/2013/nov/ednamay-christmaspudding,FoodHazardWarning
693487,/enforcement/alerts/2013/nov/everestfoods,FoodHazardWarning
694708,/enforcement/alerts/2013/nov/fisheryproducts,FoodHazardWarning
693525,/enforcement/alerts/2013/nov/plumbabyfoods-recall,FoodHazardWarning
695180,/enforcement/alerts/2013/nov/sainsburys-coctailsausages,FoodHazardWarning
694198,/enforcement/alerts/2013/nov/tesco-cones,FoodHazardWarning
691910,/enforcement/alerts/2013/oct/pataks-jalfrezi,FoodHazardWarning
689131,/enforcement/alerts/2013/oct/unitedcater-fish,FoodHazardWarning
684774,/enforcement/alerts/2013/sep/farmbox-recall,FoodHazardWarning
683615,/enforcement/alerts/2013/sep/fentimans-recallupdate,FoodHazardWarning
684736,/enforcement/alerts/2013/sep/lochduart-recall-update2,FoodHazardWarning
686656,/enforcement/alerts/2013/sep/lochduart-salmon-update3,FoodHazardWarning
685115,/enforcement/alerts/2013/sep/sainsburys-watercress-recall,FoodHazardWarning
711465,/enforcement/alerts/2014/apr/engineshed-tofu,FoodHazardWarning
709986,/enforcement/alerts/2014/apr/munchy-honey-seeds,FoodHazardWarning
710299,/enforcement/alerts/2014/apr/oak-roasted-salmon,FoodHazardWarning
710788,/enforcement/alerts/2014/apr/sainsburys-sultana,FoodHazardWarning
702236,/enforcement/alerts/2014/feb/locharthurcreamery-cheese,FoodHazardWarning
705087,/enforcement/alerts/2014/feb/sainsbury-toffee-pudding,FoodHazardWarning
700959,/enforcement/alerts/2014/jan/newchoice-fruitygels,FoodHazardWarning
715592,/enforcement/alerts/2014/jun/freshfoodtoday,FoodHazardWarning
715986,/enforcement/alerts/2014/jun/nisa-mineralwater,FoodHazardWarning
715912,/enforcement/alerts/2014/jun/sainsburys-blackolives-update1,FoodHazardWarning
706689,/enforcement/alerts/2014/march/sandwich-fillers,FoodHazardWarning
714838,/enforcement/alerts/2014/may/fineseafood-smokedsalmon,FoodHazardWarning
712645,/enforcement/alerts/2014/may/plum-pudding,FoodHazardWarning
712680,/enforcement/alerts/2014/may/sainsburys-olives,FoodHazardWarning
202283,/scotland/regsscotland/foodalertsscotland/2004/apr/boothscayenne,FoodHazardWarning
204466,/scotland/regsscotland/foodalertsscotland/2004/apr/cotswoldscot,FoodHazardWarning
199825,/scotland/regsscotland/foodalertsscotland/2004/apr/jellyminicupscot,FoodHazardWarning
196991,/scotland/regsscotland/foodalertsscotland/2004/apr/natcosudaniscot,FoodHazardWarning
195092,/scotland/regsscotland/foodalertsscotland/2004/apr/pranboroisudani,FoodHazardWarning
199427,/scotland/regsscotland/foodalertsscotland/2004/apr/smokedsalmon,FoodHazardWarning
246347,/scotland/regsscotland/foodalertsscotland/2004/dec/praiseupdate1,FoodHazardWarning
187134,/scotland/regsscotland/foodalertsscotland/2004/mar/ballygowanwater_scot,FoodHazardWarning
186089,/scotland/regsscotland/foodalertsscotland/2004/mar/pransudani,FoodHazardWarning
234193,/scotland/regsscotland/foodalertsscotland/2004/oct/bluebayupdate1scot,FoodHazardWarning
234210,/scotland/regsscotland/foodalertsscotland/2004/oct/fhwjumboupdate2scot,FoodHazardWarning
234226,/scotland/regsscotland/foodalertsscotland/2004/oct/fhwmacphilipsupdatescot,FoodHazardWarning
337902,/scotland/regsscotland/foodalertsscotland/2006/jun/kerrs,FoodHazardWarning
424547,/scotland/regsscotland/foodalertsscotland/2007/oct/welshlambscotalert,FoodHazardWarning
540478,/scotland/regsscotland/foodalertsscotland/2010/mar/westerlawrencetonfarmltd,FoodHazardWarning
574422,/scotland/regsscotland/foodalertsscotland/2011/may/snax4u,FoodHazardWarning
591781,/scotland/regsscotland/foodalertsscotland/2011/oct/ryansfoodslimited,FoodHazardWarning
586877,/scotland/regsscotland/foodalertsscotland/2011/sep/towerbakery,FoodHazardWarning