120662,/about-us/how-we-work/our-board/board-meetings/,BoardMeetings
496748,/archived/meatarchive/mhsboard/mhsmeetingsbranch/,BoardMeetings
496752,/business-industry/industrycommittees/abdoc/meetingsabdoc/,BoardMeetings
496760,/archived/meatarchive/mhpfworkinggroup/poultryworkinggroup/,BoardMeetings
496764,/archived/meatarchive/mhpfworkinggroup/redmeatworkingroup/,BoardMeetings
496772,/archived/meatarchive/mhpfworkinggroup/gameworkinggroup/,BoardMeetings
499703,/enforcement/enfcomm/fhrssteeringgroup/fhrssgmeetings/,BoardMeetings
504068,/enforcement/enfcomm/fhrssteeringgroup/fhrswgsplm/sotdwgsplmmeet/,BoardMeetings
504116,/enforcement/enfcomm/fhrssteeringgroup/fhrswgsbs/wgsbsmeetings/,BoardMeetings
531624,/enforcement/enfcomm/fhrssteeringgroup/fhrswgci/sotdwgcimeet/,BoardMeetings
541542,/enforcement/enfcomm/laemsjwg/laemsjwgmeetings/,BoardMeetings
547025,/enforcement/enfcomm/fhrssteeringgroup/fhrslaitag/laitagmeet/,BoardMeetings
595871,/enforcement/enfcomm/fhrssteeringgroup/fhrssotdiig/fhrssotdiigmeetings/,BoardMeetings
597346,/enforcement/enforcework/enforce_authorities/ifwg/ifwgmeetings/,BoardMeetings
597360,/enforcement/regulation/betregs/brag/bragmeetings/,BoardMeetings
597373,/science/ouradvisors/chairs/chairsmeets/,BoardMeetings
597381,/business-industry/industrycommittees/cfmc/meatcontrolsmeetings/,BoardMeetings
686310,/enforcement/enfcomm/fhrssteeringgroup/working-group-mobile-traders/wgmt-meetings/,BoardMeetings