691098,/about-us/how-we-work/our-board/board-meetings/board-meetings-2013/12-11-05/board-agenda-131105,Document,http://food.gov.uk/about-us/how-we-work/our-board/board-meetings/board-meetings-2013/12-11-05/board-agenda-131105,05/11/2013,http://food.gov.uk/about-us/how-we-work/our-board/board-meetings/board-meetings-2013/12-11-05/boardmins5nov13,http://food.gov.uk/about-us/how-we-work/our-board/board-meetings/board-meetings-2013/12-11-05/board-meeting-video-on-demand-5-nov-2013
663836,/about-us/how-we-work/our-board/board-meetings/board-meetings-2013/13-04-17/board-agenda-130417,Document,http://food.gov.uk/about-us/how-we-work/our-board/board-meetings/board-meetings-2013/13-04-17/board-agenda-130417,17/04/2013,http://food.gov.uk/about-us/how-we-work/our-board/board-meetings/board-meetings-2013/13-04-17/board-mins-apr13,http://food.gov.uk/about-us/how-we-work/our-board/board-meetings/board-meetings-2013/13-04-17/board-video-on-demand-apr-2013
671199,/about-us/how-we-work/our-board/board-meetings/board-meetings-2013/13-06-04/board-agenda-130604,Document,http://food.gov.uk/about-us/how-we-work/our-board/board-meetings/board-meetings-2013/13-06-04/board-agenda-130604,04/06/2013,http://food.gov.uk/about-us/how-we-work/our-board/board-meetings/board-meetings-2013/13-06-04/board-minutes-04-06-2013,http://food.gov.uk/about-us/how-we-work/our-board/board-meetings/board-meetings-2013/13-06-04/video-4jun13
677252,/about-us/how-we-work/our-board/board-meetings/board-meetings-2013/13-07-16/board-agenda-130716,Document,http://food.gov.uk/about-us/how-we-work/our-board/board-meetings/board-meetings-2013/13-07-16/board-agenda-130716,16/07/2013,http://food.gov.uk/about-us/how-we-work/our-board/board-meetings/board-meetings-2013/13-07-16/video16jul13,http://food.gov.uk/about-us/how-we-work/our-board/board-meetings/board-meetings-2013/13-07-16/board-video-and-audio
683094,/about-us/how-we-work/our-board/board-meetings/board-meetings-2013/13-09-11/board-agenda-130911,Document,http://food.gov.uk/about-us/how-we-work/our-board/board-meetings/board-meetings-2013/13-09-11/board-agenda-130911,11/09/2013,http://food.gov.uk/about-us/how-we-work/our-board/board-meetings/board-meetings-2013/13-09-11/boardmins110913,http://food.gov.uk/about-us/how-we-work/our-board/board-meetings/board-meetings-2013/13-09-11/board-110913
650344,/about-us/how-we-work/our-board/board-meetings/board-meetings-2013/130122/board-agenda-130122,Document,http://food.gov.uk/about-us/how-we-work/our-board/board-meetings/board-meetings-2013/130122/board-agenda-130122,22/01/2013,http://food.gov.uk/about-us/how-we-work/our-board/board-meetings/board-meetings-2013/130122/board-minutes-22-01-2013,http://food.gov.uk/about-us/how-we-work/our-board/board-meetings/board-meetings-2013/130122/board-video-on-demand-jan-2013
657229,/about-us/how-we-work/our-board/board-meetings/board-meetings-2013/130305/board-agenda-130305,Document,http://food.gov.uk/about-us/how-we-work/our-board/board-meetings/board-meetings-2013/130305/board-agenda-130305,05/03/2013,http://food.gov.uk/about-us/how-we-work/our-board/board-meetings/board-meetings-2013/130305/board-minutes-05-03-2013,http://food.gov.uk/about-us/how-we-work/our-board/board-meetings/board-meetings-2013/130305/board-video-on-demand-mar-2013
532056,/about-us/how-we-work/our-board/board-meetings/boardmeetings2010/100126/agenda100126,Document,http://food.gov.uk/about-us/how-we-work/our-board/board-meetings/boardmeetings2010/100126/agenda100126,26/01/2010,http://food.gov.uk/about-us/how-we-work/our-board/board-meetings/boardmeetings2010/100126/boardmins100126,
537224,/about-us/how-we-work/our-board/board-meetings/boardmeetings2010/100310/agenda100310,Document,http://food.gov.uk/about-us/how-we-work/our-board/board-meetings/boardmeetings2010/100310/agenda100310,10/03/2010,http://food.gov.uk/about-us/how-we-work/our-board/board-meetings/boardmeetings2010/100310/boardmins100310,
543575,/about-us/how-we-work/our-board/board-meetings/boardmeetings2010/100511/agenda100511,Document,http://food.gov.uk/about-us/how-we-work/our-board/board-meetings/boardmeetings2010/100511/agenda100511,11/05/2010,http://food.gov.uk/about-us/how-we-work/our-board/board-meetings/boardmeetings2010/100511/boardmins100511,
550075,/about-us/how-we-work/our-board/board-meetings/boardmeetings2010/100720/agenda100720,Document,http://food.gov.uk/about-us/how-we-work/our-board/board-meetings/boardmeetings2010/100720/agenda100720,20/07/2010,http://food.gov.uk/about-us/how-we-work/our-board/board-meetings/boardmeetings2010/100720/boardmins100720,
554387,/about-us/how-we-work/our-board/board-meetings/boardmeetings2010/100915/agenda100915,Document,http://food.gov.uk/about-us/how-we-work/our-board/board-meetings/boardmeetings2010/100915/agenda100915,15/09/2010,http://food.gov.uk/about-us/how-we-work/our-board/board-meetings/boardmeetings2010/100915/boardmins150910,
556177,/about-us/how-we-work/our-board/board-meetings/boardmeetings2010/101012/boardagenda1010,Document,http://food.gov.uk/about-us/how-we-work/our-board/board-meetings/boardmeetings2010/101012/boardagenda1010,12/10/2010,http://food.gov.uk/about-us/how-we-work/our-board/board-meetings/boardmeetings2010/101012/boardmins121010,
560274,/about-us/how-we-work/our-board/board-meetings/boardmeetings2010/101207/boardagenda1210,Document,http://food.gov.uk/about-us/how-we-work/our-board/board-meetings/boardmeetings2010/101207/boardagenda1210,07/12/2010,http://food.gov.uk/about-us/how-we-work/our-board/board-meetings/boardmeetings2010/101207/boardmins071210,
568170,/about-us/how-we-work/our-board/board-meetings/boardmeetings2011/110322/boardagenda0311,Document,http://food.gov.uk/about-us/how-we-work/our-board/board-meetings/boardmeetings2011/110322/boardagenda0311,22/03/2011,http://food.gov.uk/about-us/how-we-work/our-board/board-meetings/boardmeetings2011/110322/boardmins220311,
573529,/about-us/how-we-work/our-board/board-meetings/boardmeetings2011/110525/boardagenda0511,Document,http://food.gov.uk/about-us/how-we-work/our-board/board-meetings/boardmeetings2011/110525/boardagenda0511,25/05/2011,http://food.gov.uk/about-us/how-we-work/our-board/board-meetings/boardmeetings2011/110525/mins110525,
580545,/about-us/how-we-work/our-board/board-meetings/boardmeetings2011/110712/boardagenda0711,Document,http://food.gov.uk/about-us/how-we-work/our-board/board-meetings/boardmeetings2011/110712/boardagenda0711,12/07/2011,http://food.gov.uk/about-us/how-we-work/our-board/board-meetings/boardmeetings2011/110712/boardmins110712,
584355,/about-us/how-we-work/our-board/board-meetings/boardmeetings2011/110907/agenda110907,Document,http://food.gov.uk/about-us/how-we-work/our-board/board-meetings/boardmeetings2011/110907/agenda110907,07/09/2011,http://food.gov.uk/about-us/how-we-work/our-board/board-meetings/boardmeetings2011/110907/boardmins110907,
592237,/about-us/how-we-work/our-board/board-meetings/boardmeetings2011/111115/agenda111115,Document,http://food.gov.uk/about-us/how-we-work/our-board/board-meetings/boardmeetings2011/111115/agenda111115,15/11/2011,http://food.gov.uk/about-us/how-we-work/our-board/board-meetings/boardmeetings2011/111115/boardmins151111,
563453,/about-us/how-we-work/our-board/board-meetings/boardmeetings2011/boardmeet25jan2011/boardagenda0111,Document,http://food.gov.uk/about-us/how-we-work/our-board/board-meetings/boardmeetings2011/boardmeet25jan2011/boardagenda0111,25/01/2011,http://food.gov.uk/about-us/how-we-work/our-board/board-meetings/boardmeetings2011/boardmeet25jan2011/boardmins250111,
615450,/about-us/how-we-work/our-board/board-meetings/boardmeetings2012/110712/boardagenda120711,Document,http://food.gov.uk/about-us/how-we-work/our-board/board-meetings/boardmeetings2012/110712/boardagenda120711,11/07/2012,http://food.gov.uk/about-us/how-we-work/our-board/board-meetings/boardmeetings2012/110712/boardmins120711,http://food.gov.uk/about-us/how-we-work/our-board/board-meetings/boardmeetings2012/110712/boardvid110712
598620,/about-us/how-we-work/our-board/board-meetings/boardmeetings2012/120124/boardagenda120124,Document,http://food.gov.uk/about-us/how-we-work/our-board/board-meetings/boardmeetings2012/120124/boardagenda120124,24/01/2012,http://food.gov.uk/about-us/how-we-work/our-board/board-meetings/boardmeetings2012/120124/boardmins120124,
605110,/about-us/how-we-work/our-board/board-meetings/boardmeetings2012/120320/boardagenda120320,Document,http://food.gov.uk/about-us/how-we-work/our-board/board-meetings/boardmeetings2012/120320/boardagenda120320,20/03/2012,http://food.gov.uk/about-us/how-we-work/our-board/board-meetings/boardmeetings2012/120320/boardmins200312,
611688,/about-us/how-we-work/our-board/board-meetings/boardmeetings2012/120522/boardagenda120522,Document,http://food.gov.uk/about-us/how-we-work/our-board/board-meetings/boardmeetings2012/120522/boardagenda120522,22/05/2012,http://food.gov.uk/about-us/how-we-work/our-board/board-meetings/boardmeetings2012/120522/boardmins220512,
633474,/about-us/how-we-work/our-board/board-meetings/boardmeetings2012/120912/boardagenda120912,Document,http://food.gov.uk/about-us/how-we-work/our-board/board-meetings/boardmeetings2012/120912/boardagenda120912,12/09/2012,http://food.gov.uk/about-us/how-we-work/our-board/board-meetings/boardmeetings2012/120912/board-minutes-sep12,http://food.gov.uk/about-us/how-we-work/our-board/board-meetings/boardmeetings2012/120912/boardvid120912
642513,/about-us/how-we-work/our-board/board-meetings/boardmeetings2012/121113/boardagenda121113,Document,http://food.gov.uk/about-us/how-we-work/our-board/board-meetings/boardmeetings2012/121113/boardagenda121113,13/11/2012,http://food.gov.uk/about-us/how-we-work/our-board/board-meetings/boardmeetings2012/121211/board-minutes-11-12-2012,http://food.gov.uk/about-us/how-we-work/our-board/board-meetings/boardmeetings2012/121113/board-video-131112
646228,/about-us/how-we-work/our-board/board-meetings/boardmeetings2012/121211/boardagenda121211,Document,http://food.gov.uk/about-us/how-we-work/our-board/board-meetings/boardmeetings2012/121211/boardagenda121211,11/12/2012,,http://food.gov.uk/about-us/how-we-work/our-board/board-meetings/boardmeetings2012/121211/board-video-on-demand-dec-2012
613578,/about-us/how-we-work/our-board/board-meetings/boardmeetings2012/190612/boardagenda120619,Document,http://food.gov.uk/about-us/how-we-work/our-board/board-meetings/boardmeetings2012/190612/boardagenda120619,19/06/2012,http://food.gov.uk/about-us/how-we-work/our-board/board-meetings/boardmeetings2012/190612/boardmins190612,http://food.gov.uk/about-us/how-we-work/our-board/board-meetings/boardmeetings2012/190612/board-video-jun-19
704477,/about-us/how-we-work/our-board/board-meetings/boardmeetings2014/05-03-14/board-agenda-050314,Document,http://food.gov.uk/about-us/how-we-work/our-board/board-meetings/boardmeetings2014/05-03-14/board-agenda-050314,05/03/2014,http://food.gov.uk/about-us/how-we-work/our-board/board-meetings/boardmeetings2014/05-03-14/boardmins5mar14,http://food.gov.uk/about-us/how-we-work/our-board/board-meetings/boardmeetings2014/05-03-14/board-meeting-video-mar2014
714809,/about-us/how-we-work/our-board/board-meetings/boardmeetings2014/110614/board-agenda-110614,Document,http://food.gov.uk/about-us/how-we-work/our-board/board-meetings/boardmeetings2014/110614/board-agenda-110614,11/06/2014,,http://food.gov.uk/about-us/how-we-work/our-board/board-meetings/boardmeetings2014/110614/717651
699910,/about-us/how-we-work/our-board/board-meetings/boardmeetings2014/21-01-14/board-agenda-140121,Document,http://food.gov.uk/about-us/how-we-work/our-board/board-meetings/boardmeetings2014/21-01-14/board-agenda-140121,21/01/2014,http://food.gov.uk/about-us/how-we-work/our-board/board-meetings/boardmeetings2014/21-01-14/boardmins21jan14,http://food.gov.uk/about-us/how-we-work/our-board/board-meetings/boardmeetings2014/21-01-14/board-meeting-video-on-demand-21-jan-2014
719103,/about-us/how-we-work/our-board/board-meetings/boardmeetings2014/230714/board-agenda-230714,Document,http://food.gov.uk/about-us/how-we-work/our-board/board-meetings/boardmeetings2014/230714/board-agenda-230714,23/07/2014,,
565561,/business-industry/industrycommittees/cfmc/meatcontrolsmeetings/cfmcmeetings/101103/cfmcagenda031110,Document,http://food.gov.uk/business-industry/industrycommittees/cfmc/meatcontrolsmeetings/cfmcmeetings/101103/cfmcagenda031110,03/11/2010,http://food.gov.uk/business-industry/industrycommittees/cfmc/meatcontrolsmeetings/cfmcmeetings/101103/cfmcminutes031110,
701752,/business-industry/industrycommittees/cfmc/meatcontrolsmeetings/cfmcmeetings/24102013/cfmc-agenda-241013,Document,http://food.gov.uk/business-industry/industrycommittees/cfmc/meatcontrolsmeetings/cfmcmeetings/24102013/cfmc-agenda-241013,24/10/2013,http://food.gov.uk/business-industry/industrycommittees/cfmc/meatcontrolsmeetings/cfmcmeetings/24102013/cfmc-mins-241013,
718497,/business-industry/industrycommittees/cfmc/meatcontrolsmeetings/cfmcmeetings/250614/cfmc-agenda-25jun14,Document,http://food.gov.uk/business-industry/industrycommittees/cfmc/meatcontrolsmeetings/cfmcmeetings/250614/cfmc-agenda-25jun14,25/06/2014,,
600330,/business-industry/industrycommittees/cfmc/meatcontrolsmeetings/cfmcmeetings/26jan2012/cfmcagendajan2012,Document,http://food.gov.uk/business-industry/industrycommittees/cfmc/meatcontrolsmeetings/cfmcmeetings/26jan2012/cfmcagendajan2012,26/01/2012,http://food.gov.uk/business-industry/industrycommittees/cfmc/meatcontrolsmeetings/cfmcmeetings/26jan2012/cfmcmins260112,
633898,/business-industry/industrycommittees/cfmc/meatcontrolsmeetings/cfmcmeetings/27012012/cfmcagenda270612,Document,http://food.gov.uk/business-industry/industrycommittees/cfmc/meatcontrolsmeetings/cfmcmeetings/27012012/cfmcagenda270612,27/06/2012,http://food.gov.uk/business-industry/industrycommittees/cfmc/meatcontrolsmeetings/cfmcmeetings/27012012/cmcmin270612,
576145,/business-industry/industrycommittees/cfmc/meatcontrolsmeetings/cfmcmeetings/cfmc090611/cfmcagenda090611,Document,http://food.gov.uk/business-industry/industrycommittees/cfmc/meatcontrolsmeetings/cfmcmeetings/cfmc090611/cfmcagenda090611,09/06/2011,http://food.gov.uk/business-industry/industrycommittees/cfmc/meatcontrolsmeetings/cfmcmeetings/cfmc090611/cfmcmins09june2011,
639896,/business-industry/industrycommittees/cfmc/meatcontrolsmeetings/cfmcmeetings/cfmc101012/cfmcagenda101012,Document,http://food.gov.uk/business-industry/industrycommittees/cfmc/meatcontrolsmeetings/cfmcmeetings/cfmc101012/cfmcagenda101012,10/10/2012,http://food.gov.uk/business-industry/industrycommittees/cfmc/meatcontrolsmeetings/cfmcmeetings/cfmc101012/cfmcmins101012.pdf,
683423,/business-industry/industrycommittees/cfmc/meatcontrolsmeetings/cfmcmeetings/cfmc130613/cfmc-agenda-13jun13,Document,http://food.gov.uk/business-industry/industrycommittees/cfmc/meatcontrolsmeetings/cfmcmeetings/cfmc130613/cfmc-agenda-13jun13,13/06/2013,http://food.gov.uk/business-industry/industrycommittees/cfmc/meatcontrolsmeetings/cfmcmeetings/cfmc130613/cfmc-mins-13june13,
587070,/business-industry/industrycommittees/cfmc/meatcontrolsmeetings/cfmcmeetings/cfmc14sep2011/cfmcagenda14sep2011,Document,http://food.gov.uk/business-industry/industrycommittees/cfmc/meatcontrolsmeetings/cfmcmeetings/cfmc14sep2011/cfmcagenda14sep2011,14/09/2011,http://food.gov.uk/business-industry/industrycommittees/cfmc/meatcontrolsmeetings/cfmcmeetings/cfmc14sep2011/cfmcmins14sep12,
551427,/business-industry/industrycommittees/cfmc/meatcontrolsmeetings/cfmcmeetings/cfmc25june2010/cfmcagendapapers25june2010/,GenericBranch,http://food.gov.uk/business-industry/industrycommittees/cfmc/meatcontrolsmeetings/cfmcmeetings/cfmc25june2010/cfmcagendapapers25june2010/,25/06/2010,http://food.gov.uk/business-industry/industrycommittees/cfmc/meatcontrolsmeetings/cfmcmeetings/cfmc25june2010/cfmc0610,
653640,/business-industry/industrycommittees/cfmc/meatcontrolsmeetings/cfmcmeetings/cfmc300113/cfmcagenda300113,Document,http://food.gov.uk/business-industry/industrycommittees/cfmc/meatcontrolsmeetings/cfmcmeetings/cfmc300113/cfmcagenda300113,30/01/2013,http://food.gov.uk/business-industry/industrycommittees/cfmc/meatcontrolsmeetings/cfmcmeetings/cfmc300113/cfmcmins300113,
576161,/business-industry/industrycommittees/cfmc/meatcontrolsmeetings/cfmcmeetings/cfmc3feb11/cfmcagenda3feb2011,Document,http://food.gov.uk/business-industry/industrycommittees/cfmc/meatcontrolsmeetings/cfmcmeetings/cfmc3feb11/cfmcagenda3feb2011,03/02/2011,http://food.gov.uk/business-industry/industrycommittees/cfmc/meatcontrolsmeetings/cfmcmeetings/cfmc3feb11/cfmcminsfeb11,
552322,/enforcement/enfcomm/fhrssteeringgroup/fhrslaitag/laitagmeet/10/lait100622/lait100622agenda,Document,http://food.gov.uk/enforcement/enfcomm/fhrssteeringgroup/fhrslaitag/laitagmeet/10/lait100622/lait100622agenda,22/06/2010,http://food.gov.uk/enforcement/enfcomm/fhrssteeringgroup/fhrslaitag/laitagmeet/10/lait100622/lait100622minutes,
547033,/enforcement/enfcomm/fhrssteeringgroup/fhrslaitag/laitagmeet/10/laitag100421/laitag100421agenda,Document,http://food.gov.uk/enforcement/enfcomm/fhrssteeringgroup/fhrslaitag/laitagmeet/10/laitag100421/laitag100421agenda,21/04/2010,http://food.gov.uk/enforcement/enfcomm/fhrssteeringgroup/fhrslaitag/laitagmeet/10/laitag100421/laitag100421,
499709,/enforcement/enfcomm/fhrssteeringgroup/fhrssgmeetings/2009/090324/scoresdoorsagenda090324,Document,http://food.gov.uk/enforcement/enfcomm/fhrssteeringgroup/fhrssgmeetings/2009/090324/scoresdoorsagenda090324,24/03/2009,http://food.gov.uk/enforcement/enfcomm/fhrssteeringgroup/fhrssgmeetings/2009/090324/sotdsteer090324min,
510241,/enforcement/enfcomm/fhrssteeringgroup/fhrssgmeetings/2009/090721/sotgsg090721agenda,Document,http://food.gov.uk/enforcement/enfcomm/fhrssteeringgroup/fhrssgmeetings/2009/090721/sotgsg090721agenda,21/07/2009,http://food.gov.uk/enforcement/enfcomm/fhrssteeringgroup/fhrssgmeetings/2009/090721/sotdsteering090721min,
518069,/enforcement/enfcomm/fhrssteeringgroup/fhrssgmeetings/2009/sotdsg090930/sotgsg090930agenda,Document,http://food.gov.uk/enforcement/enfcomm/fhrssteeringgroup/fhrssgmeetings/2009/sotdsg090930/sotgsg090930agenda,30/09/2009,http://food.gov.uk/enforcement/enfcomm/fhrssteeringgroup/fhrssgmeetings/2009/sotdsg090930/sotdsgmin090930,
526190,/enforcement/enfcomm/fhrssteeringgroup/fhrssgmeetings/2009/sotdsg091126/sotdsgagenda091126,Document,http://food.gov.uk/enforcement/enfcomm/fhrssteeringgroup/fhrssgmeetings/2009/sotdsg091126/sotdsgagenda091126,26/11/2009,http://food.gov.uk/enforcement/enfcomm/fhrssteeringgroup/fhrssgmeetings/2009/sotdsg091126/sotdsgmin091126,
530153,/enforcement/enfcomm/fhrssteeringgroup/fhrssgmeetings/2010/sotdsg100113/sotdsgagenda100113,Document,http://food.gov.uk/enforcement/enfcomm/fhrssteeringgroup/fhrssgmeetings/2010/sotdsg100113/sotdsgagenda100113,13/01/2010,http://food.gov.uk/enforcement/enfcomm/fhrssteeringgroup/fhrssgmeetings/2010/sotdsg100113/sotdsgmin100113,
538217,/enforcement/enfcomm/fhrssteeringgroup/fhrssgmeetings/2010/sotdsg100318/sotdsg100318agenda,Document,http://food.gov.uk/enforcement/enfcomm/fhrssteeringgroup/fhrssgmeetings/2010/sotdsg100318/sotdsg100318agenda,18/03/2010,http://food.gov.uk/enforcement/enfcomm/fhrssteeringgroup/fhrssgmeetings/2010/sotdsg100318/sotdsg100318mins,
547253,/enforcement/enfcomm/fhrssteeringgroup/fhrssgmeetings/2010/sotdsg100617/sotdsg100617agenda,Document,http://food.gov.uk/enforcement/enfcomm/fhrssteeringgroup/fhrssgmeetings/2010/sotdsg100617/sotdsg100617agenda,17/06/2010,http://food.gov.uk/enforcement/enfcomm/fhrssteeringgroup/fhrssgmeetings/2010/sotdsg100617/sotdsg100617min,
554368,/enforcement/enfcomm/fhrssteeringgroup/fhrssgmeetings/2010/sotdsg100909/sotdsg100909agenda,Document,http://food.gov.uk/enforcement/enfcomm/fhrssteeringgroup/fhrssgmeetings/2010/sotdsg100909/sotdsg100909agenda,09/09/2010,http://food.gov.uk/enforcement/enfcomm/fhrssteeringgroup/fhrssgmeetings/2010/sotdsg100909/fhrssgmin100909,
567637,/enforcement/enfcomm/fhrssteeringgroup/fhrssgmeetings/2011/fhrssg110310/fhrsg110310,Document,http://food.gov.uk/enforcement/enfcomm/fhrssteeringgroup/fhrssgmeetings/2011/fhrssg110310/fhrsg110310,10/03/2011,http://food.gov.uk/enforcement/enfcomm/fhrssteeringgroup/fhrssgmeetings/2011/fhrssg110310/fhrssg110310minutes,
590228,/enforcement/enfcomm/fhrssteeringgroup/fhrssgmeetings/2011/fhrssg111012/fhrsg111012,Document,http://food.gov.uk/enforcement/enfcomm/fhrssteeringgroup/fhrssgmeetings/2011/fhrssg111012/fhrsg111012,12/10/2011,http://food.gov.uk/enforcement/enfcomm/fhrssteeringgroup/fhrssgmeetings/2011/fhrssg111012/fhrssg111012minutes,
640336,/enforcement/enfcomm/fhrssteeringgroup/fhrssgmeetings/2012/23oct2012/meetingoct2012,Document,http://food.gov.uk/enforcement/enfcomm/fhrssteeringgroup/fhrssgmeetings/2012/23oct2012/meetingoct2012,23/10/2012,http://food.gov.uk/enforcement/enfcomm/fhrssteeringgroup/fhrssgmeetings/2012/23oct2012/fhrssg231012minutes,
605749,/enforcement/enfcomm/fhrssteeringgroup/fhrssgmeetings/2012/fhrssg200312/fhrssg200312,Document,http://food.gov.uk/enforcement/enfcomm/fhrssteeringgroup/fhrssgmeetings/2012/fhrssg200312/fhrssg200312,20/03/2012,http://food.gov.uk/enforcement/enfcomm/fhrssteeringgroup/fhrssgmeetings/2012/fhrssg200312/fhrssg200312minutes,
666120,/enforcement/enfcomm/fhrssteeringgroup/fhrssgmeetings/2013/fhrs18april2013/meetingapr2013,Document,http://food.gov.uk/enforcement/enfcomm/fhrssteeringgroup/fhrssgmeetings/2013/fhrs18april2013/meetingapr2013,18/04/2013,http://food.gov.uk/enforcement/enfcomm/fhrssteeringgroup/fhrssgmeetings/2013/fhrs18april2013/fhr-18apr-minutes,
692642,/enforcement/enfcomm/fhrssteeringgroup/fhrssgmeetings/2013/fhrs7nov2013/meetingnov2013,Document,http://food.gov.uk/enforcement/enfcomm/fhrssteeringgroup/fhrssgmeetings/2013/fhrs7nov2013/meetingnov2013,07/11/2013,http://food.gov.uk/enforcement/enfcomm/fhrssteeringgroup/fhrssgmeetings/2013/fhrs7nov2013/uk-fhr-minutes,
712143,/enforcement/enfcomm/fhrssteeringgroup/fhrssgmeetings/2014/fhrs12may2014/fhrs12may2014-agenda,Document,http://food.gov.uk/enforcement/enfcomm/fhrssteeringgroup/fhrssgmeetings/2014/fhrs12may2014/fhrs12may2014-agenda,12/05/2014,,
531634,/enforcement/enfcomm/fhrssteeringgroup/fhrswgci/sotdwgcimeet/sotdci2010/sotdwgci100128/sotdci100128agenda,Document,http://food.gov.uk/enforcement/enfcomm/fhrssteeringgroup/fhrswgci/sotdwgcimeet/sotdci2010/sotdwgci100128/sotdci100128agenda,28/01/2010,http://food.gov.uk/enforcement/enfcomm/fhrssteeringgroup/fhrswgci/sotdwgcimeet/sotdci2010/sotdwgci100128/sotdwgcimin100128,
537462,/enforcement/enfcomm/fhrssteeringgroup/fhrswgci/sotdwgcimeet/sotdci2010/wgci100311/sotdwgciagenda100311,Document,http://food.gov.uk/enforcement/enfcomm/fhrssteeringgroup/fhrswgci/sotdwgcimeet/sotdci2010/wgci100311/sotdwgciagenda100311,11/03/2010,http://food.gov.uk/enforcement/enfcomm/fhrssteeringgroup/fhrswgci/sotdwgcimeet/sotdci2010/wgci100311/sotdciwg100310,
515924,/enforcement/enfcomm/fhrssteeringgroup/fhrswgsbs/wgsbsmeetings/2009/090915/wgsbs090915agenda,Document,http://food.gov.uk/enforcement/enfcomm/fhrssteeringgroup/fhrswgsbs/wgsbsmeetings/2009/090915/wgsbs090915agenda,15/09/2009,http://food.gov.uk/enforcement/enfcomm/fhrssteeringgroup/fhrswgsbs/wgsbsmeetings/2009/090915/sotdwgsbs090915,
523165,/enforcement/enfcomm/fhrssteeringgroup/fhrswgsbs/wgsbsmeetings/2009/091102/wgsbs091102agenda,Document,http://food.gov.uk/enforcement/enfcomm/fhrssteeringgroup/fhrswgsbs/wgsbsmeetings/2009/091102/wgsbs091102agenda,02/11/2009,http://food.gov.uk/enforcement/enfcomm/fhrssteeringgroup/fhrswgsbs/wgsbsmeetings/2009/091102/sotdwgsbs091102min,
504129,/enforcement/enfcomm/fhrssteeringgroup/fhrswgsbs/wgsbsmeetings/2009/sotdwgsbs090515/sotdegsbs090515agenda,Document,http://food.gov.uk/enforcement/enfcomm/fhrssteeringgroup/fhrswgsbs/wgsbsmeetings/2009/sotdwgsbs090515/sotdegsbs090515agenda,15/05/2009,http://food.gov.uk/enforcement/enfcomm/fhrssteeringgroup/fhrswgsbs/wgsbsmeetings/2009/sotdwgsbs090515/sotdwgsbs090515mins,
527509,/enforcement/enfcomm/fhrssteeringgroup/fhrswgsbs/wgsbsmeetings/2009/wgsbs091208/wgsbs091208agenda,Document,http://food.gov.uk/enforcement/enfcomm/fhrssteeringgroup/fhrswgsbs/wgsbsmeetings/2009/wgsbs091208/wgsbs091208agenda,08/12/2009,http://food.gov.uk/enforcement/enfcomm/fhrssteeringgroup/fhrswgsbs/wgsbsmeetings/2009/wgsbs091208/sotdwgsbs091208min,
504078,/enforcement/enfcomm/fhrssteeringgroup/fhrswgsplm/sotdwgsplmmeet/2009/sotdwgsplm090512/sotswgsplm090512agenda,Document,http://food.gov.uk/enforcement/enfcomm/fhrssteeringgroup/fhrswgsplm/sotdwgsplmmeet/2009/sotdwgsplm090512/sotswgsplm090512agenda,12/05/2009,http://food.gov.uk/enforcement/enfcomm/fhrssteeringgroup/fhrswgsplm/sotdwgsplmmeet/2009/sotdwgsplm090512/sotswgsplm090512mins,
511268,/enforcement/enfcomm/fhrssteeringgroup/fhrswgsplm/sotdwgsplmmeet/2009/wgsplm090730/wgsplm090730agenda,Document,http://food.gov.uk/enforcement/enfcomm/fhrssteeringgroup/fhrswgsplm/sotdwgsplmmeet/2009/wgsplm090730/wgsplm090730agenda,30/07/2009,http://food.gov.uk/enforcement/enfcomm/fhrssteeringgroup/fhrswgsplm/sotdwgsplmmeet/2009/wgsplm090730/sotdwgsplm090730min,
515998,/enforcement/enfcomm/fhrssteeringgroup/fhrswgsplm/sotdwgsplmmeet/2009/wgsplm090917/wgsplm090717agenda,Document,http://food.gov.uk/enforcement/enfcomm/fhrssteeringgroup/fhrswgsplm/sotdwgsplmmeet/2009/wgsplm090917/wgsplm090717agenda,17/09/2009,http://food.gov.uk/enforcement/enfcomm/fhrssteeringgroup/fhrswgsplm/sotdwgsplmmeet/2009/wgsplm090917/sotdwgsplm090917,
686317,/enforcement/enfcomm/fhrssteeringgroup/working-group-mobile-traders/wgmt-meetings/2013/12sep13/agenda/,GenericBranch,http://food.gov.uk/enforcement/enfcomm/fhrssteeringgroup/working-group-mobile-traders/wgmt-meetings/2013/12sep13/agenda/,12/09/2013,http://food.gov.uk/enforcement/enfcomm/fhrssteeringgroup/working-group-mobile-traders/wgmt-meetings/2013/12sep13/minutes/,
583791,/enforcement/enfcomm/laemsjwg/laemsjwgmeetings/11/laemsjwg110727/laemsjwg110727agenda,Document,http://food.gov.uk/enforcement/enfcomm/laemsjwg/laemsjwgmeetings/11/laemsjwg110727/laemsjwg110727agenda,27/07/2011,http://food.gov.uk/enforcement/enfcomm/laemsjwg/laemsjwgmeetings/11/laemsjwg110727/laems-minutes-jul-11,
612062,/enforcement/enfcomm/laemsjwg/laemsjwgmeetings/laems2012/laemsworkinggroup0412/leamsagenda0412,Document,http://food.gov.uk/enforcement/enfcomm/laemsjwg/laemsjwgmeetings/laems2012/laemsworkinggroup0412/leamsagenda0412,24/04/2012,http://food.gov.uk/enforcement/enfcomm/laemsjwg/laemsjwgmeetings/laems2012/laemsworkinggroup0412/laems-jwg-minutes-apr12/,
701148,/enforcement/enfcomm/laemsjwg/laemsjwgmeetings/laems2014/laems-jan14/laems-agenda-jan14/,GenericBranch,http://food.gov.uk/enforcement/enfcomm/laemsjwg/laemsjwgmeetings/laems2014/laems-jan14/laems-agenda-jan14/,09/01/2014,,
643577,/enforcement/enforcework/enforce_authorities/ifwg/ifwgmeetings/12/643568/workinggroup,Document,http://food.gov.uk/enforcement/enforcework/enforce_authorities/ifwg/ifwgmeetings/12/643568/workinggroup,25/09/2012,http://food.gov.uk/enforcement/enforcework/enforce_authorities/ifwg/ifwgmeetings/12/643568/Iffw,
603191,/enforcement/enforcework/enforce_authorities/ifwg/ifwgmeetings/12/iffwg120130/iffwgagenda120130,Document,http://food.gov.uk/enforcement/enforcework/enforce_authorities/ifwg/ifwgmeetings/12/iffwg120130/iffwgagenda120130,30/01/2012,http://food.gov.uk/enforcement/enforcework/enforce_authorities/ifwg/ifwgmeetings/12/iffwg120130/ifwgmin120130,
583671,/enforcement/enforcework/enforce_authorities/ifwg/ifwgmeetings/2011/iffwg110721/iffwg110721,Document,http://food.gov.uk/enforcement/enforcework/enforce_authorities/ifwg/ifwgmeetings/2011/iffwg110721/iffwg110721,21/07/2011,http://food.gov.uk/enforcement/enforcework/enforce_authorities/ifwg/ifwgmeetings/2011/iffwg110721/iffwg110721minutes,
569226,/enforcement/enforcework/enforce_authorities/ifwg/ifwgmeetings/2011/ifwg110124/ifwg110124agenda,Document,http://food.gov.uk/enforcement/enforcework/enforce_authorities/ifwg/ifwgmeetings/2011/ifwg110124/ifwg110124agenda,24/01/2011,http://food.gov.uk/enforcement/enforcework/enforce_authorities/ifwg/ifwgmeetings/2011/ifwg110124/ifwg110124minutes,
512275,/enforcement/enforcework/enforce_authorities/ifwg/ifwgmeetings/ifwg09/ifwg090604/ifwg090604agenda,Document,http://food.gov.uk/enforcement/enforcework/enforce_authorities/ifwg/ifwgmeetings/ifwg09/ifwg090604/ifwg090604agenda,04/06/2009,http://food.gov.uk/enforcement/enforcework/enforce_authorities/ifwg/ifwgmeetings/ifwg09/ifwg090604/ifwg090604min,
536684,/enforcement/enforcework/enforce_authorities/ifwg/ifwgmeetings/ifwg10/ifwg100113/ifwgagenda100113,Document,http://food.gov.uk/enforcement/enforcework/enforce_authorities/ifwg/ifwgmeetings/ifwg10/ifwg100113/ifwgagenda100113,13/01/2010,http://food.gov.uk/enforcement/enforcework/enforce_authorities/ifwg/ifwgmeetings/ifwg10/ifwg100113/ifwgminutes100113,
554028,/enforcement/enforcework/enforce_authorities/ifwg/ifwgmeetings/ifwg10/ifwg100706/ifwgagenda100706,Document,http://food.gov.uk/enforcement/enforcework/enforce_authorities/ifwg/ifwgmeetings/ifwg10/ifwg100706/ifwgagenda100706,06/07/2010,http://food.gov.uk/enforcement/enforcework/enforce_authorities/ifwg/ifwgmeetings/ifwg10/ifwg100706/ifwgmin100706,
671363,/enforcement/enforcework/enforce_authorities/ifwg/ifwgmeetings/ifwg13/iffwg11042013/iffwg11042013-agenda,Document,http://food.gov.uk/enforcement/enforcework/enforce_authorities/ifwg/ifwgmeetings/ifwg13/iffwg11042013/iffwg11042013-agenda,11/04/2013,http://food.gov.uk/enforcement/enforcework/enforce_authorities/ifwg/ifwgmeetings/ifwg13/iffwg11042013/iffwg11042013-minutes,
696145,/enforcement/enforcework/enforce_authorities/ifwg/ifwgmeetings/ifwg13/iffwg29102013/iffwg29102013-agenda,Document,http://food.gov.uk/enforcement/enforcework/enforce_authorities/ifwg/ifwgmeetings/ifwg13/iffwg29102013/iffwg29102013-agenda,29/10/2013,http://food.gov.uk/enforcement/enforcework/enforce_authorities/ifwg/ifwgmeetings/ifwg13/iffwg29102013/iffwg29102013-minutes,
588867,/science/ouradvisors/chairs/chairsmeets/chairsmeet2011/chairsmeet14july2011/chairsagenda14july2011,Document,http://food.gov.uk/science/ouradvisors/chairs/chairsmeets/chairsmeet2011/chairsmeet14july2011/chairsagenda14july2011,14/07/2011,http://food.gov.uk/science/ouradvisors/chairs/chairsmeets/chairsmeet2011/chairsmeet14july2011/chairsmins14july2011,
588194,/science/ouradvisors/chairs/chairsmeets/chairsmeet2011/chairsmeet16may2011/chairsagenda16may2011,Document,http://food.gov.uk/science/ouradvisors/chairs/chairsmeets/chairsmeet2011/chairsmeet16may2011/chairsagenda16may2011,16/05/2011,http://food.gov.uk/science/ouradvisors/chairs/chairsmeets/chairsmeet2011/chairsmeet16may2011/chairsmins16may2011,
638263,/science/ouradvisors/chairs/chairsmeets/chairsmeet2011/chairsmeet5dec2011/chairsagenda5December2011,Document,http://food.gov.uk/science/ouradvisors/chairs/chairsmeets/chairsmeet2011/chairsmeet5dec2011/chairsagenda5December2011,05/12/2011,http://food.gov.uk/science/ouradvisors/chairs/chairsmeets/chairsmeet2011/chairsmeet5dec2011/chairsmins5december2011/,
588837,/science/ouradvisors/chairs/chairsmeets/chairsmeet2011/chairsmeet6october2011/chairsagenda6october2011,Document,http://food.gov.uk/science/ouradvisors/chairs/chairsmeets/chairsmeet2011/chairsmeet6october2011/chairsagenda6october2011,06/10/2011,http://food.gov.uk/science/ouradvisors/chairs/chairsmeets/chairsmeet2011/chairsmeet6october2011/chairsmins6july2011/,