644613,/news-updates/allergy-news/2012/nov/walkers_milk
641036,/news-updates/allergy-news/2012/oct/asda-wafer-recall
641093,/news-updates/allergy-news/2012/oct/home-farm-sauce
640924,/news-updates/allergy-news/2012/oct/morrisons-gluten
642060,/news-updates/allergy-news/2012/oct/sainsburys-kids-curry
642274,/news-updates/allergy-news/2012/oct/sainsburys-toffeeapples
638093,/news-updates/allergy-news/2012/oct/wanis-bamboo
637063,/news-updates/allergy-news/2012/sep/bamboo
634376,/news-updates/allergy-news/2012/sep/goji
636183,/news-updates/allergy-news/2012/sep/morrisons-trio-houmous
664336,/news-updates/allergy-news/2013/apr/asda-dip
666960,/news-updates/allergy-news/2013/apr/asda-noodle
667955,/news-updates/allergy-news/2013/apr/asdaburger
667409,/news-updates/allergy-news/2013/apr/ehbooths
668577,/news-updates/allergy-news/2013/apr/wasabi.allergy
682622,/news-updates/allergy-news/2013/aug/asda
682668,/news-updates/allergy-news/2013/aug/freemans
697086,/news-updates/allergy-news/2013/dec/asda
697524,/news-updates/allergy-news/2013/dec/mencia-luna
698055,/news-updates/allergy-news/2013/dec/sainsburys-onion-rings
653479,/news-updates/allergy-news/2013/feb/Asdanuts
656195,/news-updates/allergy-news/2013/feb/raw-ecstasy-miso
654003,/news-updates/allergy-news/2013/feb/yogurtallergens
705015,/news-updates/allergy-news/2014/feb/chicken-fillets
701999,/news-updates/allergy-news/2014/feb/goupie
705067,/news-updates/allergy-news/2014/feb/sainsburys-stuffing
704448,/news-updates/allergy-news/2014/feb/tesco-free-from
701880,/news-updates/allergy-news/2014/jan/asda-cookies
701206,/news-updates/allergy-news/2014/jan/harrods-coins
699730,/news-updates/allergy-news/2014/jan/marks-and-spencer-curry
700568,/news-updates/allergy-news/2014/jan/sainsburys-cakeslices
701766,/news-updates/allergy-news/2014/jan/shazans-burgers
716938,/news-updates/allergy-news/2014/jun/blackfriars-flapjacks
716075,/news-updates/allergy-news/2014/jun/dillywolf-snacks
716054,/news-updates/allergy-news/2014/jun/marybake-muffins
716436,/news-updates/allergy-news/2014/jun/tesco-caesarsalad
715539,/news-updates/allergy-news/2014/jun/wrapid-fajita-recall
708168,/news-updates/allergy-news/2014/mar/kettle-chips
707067,/news-updates/allergy-news/2014/mar/mazza-sweets
707929,/news-updates/allergy-news/2014/mar/milk
711909,/news-updates/allergy-news/2014/may/lentil-dahl
711899,/news-updates/allergy-news/2014/may/slimfast
713774,/news-updates/allergy-news/2014/may/tandoori-chicken
712304,/news-updates/allergy-news/2014/may/uncle-bens
543126,/news-updates/news/2010/apr/asdacoleslaw
541729,/news-updates/news/2010/apr/ella
540821,/news-updates/news/2010/apr/fishlabelling
541287,/news-updates/news/2010/apr/foodanalysisconference
541482,/news-updates/news/2010/apr/guargum2010
542056,/news-updates/news/2010/apr/lepicol
540880,/news-updates/news/2010/apr/nifacappointments
541080,/news-updates/news/2010/apr/nuts
540814,/news-updates/news/2010/apr/socialsciencetender
542967,/news-updates/news/2010/apr/visaupdate
540933,/news-updates/news/2010/apr/wfacmeetingpostponed
542571,/news-updates/news/2010/apr/wheat
553748,/news-updates/news/2010/aug/auditashfield
551502,/news-updates/news/2010/aug/audits100804
551242,/news-updates/news/2010/aug/cloned
551377,/news-updates/news/2010/aug/clonedinvest2
552005,/news-updates/news/2010/aug/dtcorrection
552510,/news-updates/news/2010/aug/fhrs
552560,/news-updates/news/2010/aug/heidsieck
551552,/news-updates/news/2010/aug/hijikiseaweed
551085,/news-updates/news/2010/aug/ndnscorrection
552503,/news-updates/news/2010/aug/researchcall
552023,/news-updates/news/2010/aug/sfp
554662,/news-updates/news/2010/sep/ricecrackers
554904,/news-updates/news/2010/sep/salmonella
555263,/news-updates/news/2010/sep/sfsr2009
555516,/news-updates/news/2010/sep/sprouts2
555978,/news-updates/news/2010/sep/stonemill
553898,/news-updates/news/2010/sep/taxifolin
554256,/news-updates/news/2010/sep/vmcmtg
555343,/news-updates/news/2010/sep/vrcannualreport
555374,/news-updates/news/2010/sep/water
554055,/news-updates/news/2010/sep/wheatgluten
586872,/news-updates/news/2011/sep/towerbakery
586569,/news-updates/news/2011/sep/videoconference
586299,/news-updates/news/2011/sep/vpcmembers
585677,/news-updates/news/2011/sep/vrcopenmeeting
587257,/news-updates/news/2011/sep/walkers
588808,/news-updates/news/2011/sep/washveg
587461,/news-updates/news/2011/sep/yogurt
608259,/news-updates/news/2012/apr/acmsfmembs
608775,/news-updates/news/2012/apr/acrylamide
613478,/news-updates/news/2012/jun/wfacmeet
605602,/news-updates/news/2012/mar/605602
605422,/news-updates/news/2012/mar/acafmeet7mar12
606747,/news-updates/news/2012/mar/auditreports
604647,/news-updates/news/2012/mar/bandmsausages
605223,/news-updates/news/2012/mar/biotoxresearch
607323,/news-updates/news/2012/mar/bis
605518,/news-updates/news/2012/mar/board
605429,/news-updates/news/2012/mar/boguscalls
604981,/news-updates/news/2012/mar/brighton
605085,/news-updates/news/2012/mar/capreview
606498,/news-updates/news/2012/mar/chernobyl
604547,/news-updates/news/2012/mar/colours
607184,/news-updates/news/2012/mar/dairy
666441,/news-updates/news/2013/apr/review
664687,/news-updates/news/2013/apr/survey-update
683114,/news-updates/news/2013/aug/allergy-advice
682692,/news-updates/news/2013/aug/board-meeting
683329,/news-updates/news/2013/aug/campylobacter
682059,/news-updates/news/2013/aug/dnp
682855,/news-updates/news/2013/aug/efsa-consultation
682605,/news-updates/news/2013/aug/letter
681557,/news-updates/news/2013/aug/listeriacall
690381,/news-updates/news/2013/oct/oxy
687527,/news-updates/news/2013/sep/algal-oil
685002,/news-updates/news/2013/sep/allergy_info
685701,/news-updates/news/2013/sep/cadmium_crab_sept13
686465,/news-updates/news/2013/sep/cst_report2013
686006,/news-updates/news/2013/sep/feedlaw
685330,/news-updates/news/2013/sep/fsa_sept13
686561,/news-updates/news/2013/sep/gacs.meet0913
685783,/news-updates/news/2013/sep/listeria-tender
687621,/news-updates/news/2013/sep/novel-d-beta-hydroxybutyrate-ester
710387,/news-updates/news/2014/apr/european-horse-meat-tests
708778,/news-updates/news/2014/apr/raw-milk-video
710658,/news-updates/news/2014/apr/testing
709039,/news-updates/news/2014/apr/triennial-review-ssrc
702324,/news-updates/news/2014/feb/acaf-members-wanted
703825,/news-updates/news/2014/feb/algal-oil
705426,/news-updates/news/2014/feb/audit-review
704548,/news-updates/news/2014/feb/board
702026,/news-updates/news/2014/feb/colours
701980,/news-updates/news/2014/feb/nerc-research
703819,/news-updates/news/2014/feb/phytosterol
705276,/news-updates/news/2014/feb/research-call
701972,/news-updates/news/2014/feb/tracker-survey
699919,/news-updates/news/2014/jan/acmsf-members
700558,/news-updates/news/2014/jan/research
701479,/news-updates/news/2014/jan/test-results
716702,/news-updates/news/2014/jun/parents
715133,/news-updates/news/2014/jun/trichinella-testing-pigs
717728,/news-updates/news/2014/jun/tsb-ktp-competition
706704,/news-updates/news/2014/mar/acaf-meet-26-feb-04
707513,/news-updates/news/2014/mar/allergy-research
706087,/news-updates/news/2014/mar/board-meeting
705772,/news-updates/news/2014/mar/colours
706736,/news-updates/news/2014/mar/raw-milk
708317,/news-updates/news/2014/mar/raw-milk-event
706053,/news-updates/news/2014/mar/sci-adviser
714656,/news-updates/news/2014/may/acaf-meet-9may14
712000,/news-updates/news/2014/may/board
714812,/news-updates/news/2014/may/combs-extract
713828,/news-updates/news/2014/may/dihydrocapsiate
712065,/news-updates/news/2014/may/feed-code-of-practice
713054,/news-updates/news/2014/may/glitter-and-dust
713823,/news-updates/news/2014/may/isomalto-oligosaccharide
714632,/news-updates/news/2014/may/myhaccp
711815,/news-updates/news/2014/may/novel
711831,/news-updates/news/2014/may/prosecution
712591,/news-updates/news/2014/may/spirit-drinks-industry-guide
712760,/news-updates/news/2014/may/survey
614484,/news-updates/recalls-news/2012/jun/sainsburysmix
606898,/news-updates/recalls-news/2012/mar/ellascottagepie
606435,/news-updates/recalls-news/2012/mar/turkey
611896,/news-updates/recalls-news/2012/may/teacakes
610854,/news-updates/recalls-news/2012/may/tropicana
646162,/news-updates/recalls-news/2012/nov/red-tree
645025,/news-updates/recalls-news/2012/nov/US-salmonella-peanuts
637532,/news-updates/recalls-news/2012/oct/annabel
639757,/news-updates/recalls-news/2012/oct/beer-recall-extended
641981,/news-updates/recalls-news/2012/oct/Cleone-jerk
640756,/news-updates/recalls-news/2012/oct/co-op-sauce
637177,/news-updates/recalls-news/2012/oct/eurolamb
642004,/news-updates/recalls-news/2012/oct/farmfoods-cooked-meat
637540,/news-updates/recalls-news/2012/oct/lubna-dates
639187,/news-updates/recalls-news/2012/oct/myprotein
641403,/news-updates/recalls-news/2012/oct/nisa-biscuits
634096,/news-updates/recalls-news/2012/sep/beer-recall
637097,/news-updates/recalls-news/2012/sep/heeradates
633839,/news-updates/recalls-news/2012/sep/sainsbury
634120,/news-updates/recalls-news/2012/sep/tesco-beer-recall
664779,/news-updates/recalls-news/2013/apr/asda-corned
665599,/news-updates/recalls-news/2013/apr/asda-slices
668015,/news-updates/recalls-news/2013/apr/asda-update
667106,/news-updates/recalls-news/2013/apr/iceland
665943,/news-updates/recalls-news/2013/apr/thorntons
665738,/news-updates/recalls-news/2013/apr/trs-milk-powder
681975,/news-updates/recalls-news/2013/aug/ambient
683241,/news-updates/recalls-news/2013/aug/fentimans
683442,/news-updates/recalls-news/2013/aug/lochduart
682786,/news-updates/recalls-news/2013/aug/salmon
697488,/news-updates/recalls-news/2013/dec/caribbean-soft-drink
698134,/news-updates/recalls-news/2013/dec/fish-balls
696767,/news-updates/recalls-news/2013/dec/fish-products
696348,/news-updates/recalls-news/2013/dec/mussel
655034,/news-updates/recalls-news/2013/feb/aldi-recall
657495,/news-updates/recalls-news/2013/feb/castle-foods
654792,/news-updates/recalls-news/2013/feb/findus-lasagne
652622,/news-updates/recalls-news/2013/jan/coop-nuggets
651069,/news-updates/recalls-news/2013/jan/ribs-recall
651135,/news-updates/recalls-news/2013/jan/sainsburys-thyme
651287,/news-updates/recalls-news/2013/jan/sweet-products-recall
650438,/news-updates/recalls-news/2013/jan/update2-koontofu
676540,/news-updates/recalls-news/2013/jul/ag-barr
678880,/news-updates/recalls-news/2013/jul/asda-chickencurry
677418,/news-updates/recalls-news/2013/jul/happy-shopper
675997,/news-updates/recalls-news/2013/jun/tescoyeast-recall
658323,/news-updates/recalls-news/2013/mar/corianderinsects
662406,/news-updates/recalls-news/2013/mar/kit-kat
659566,/news-updates/recalls-news/2013/mar/locharthurrecall2
663249,/news-updates/recalls-news/2013/mar/mccoys-recall
662230,/news-updates/recalls-news/2013/mar/teddy-grays
694715,/news-updates/recalls-news/2013/nov/dried-fishery
694661,/news-updates/recalls-news/2013/nov/edna-may
693508,/news-updates/recalls-news/2013/nov/momo
693522,/news-updates/recalls-news/2013/nov/plum-baby-food
695188,/news-updates/recalls-news/2013/nov/sausages
694203,/news-updates/recalls-news/2013/nov/tesco-cones
689219,/news-updates/recalls-news/2013/oct/frozenfish
691908,/news-updates/recalls-news/2013/oct/pataks
684781,/news-updates/recalls-news/2013/sep/farmbox-fafa
684756,/news-updates/recalls-news/2013/sep/loch
686663,/news-updates/recalls-news/2013/sep/loch3
685313,/news-updates/recalls-news/2013/sep/sainsbury-ecoli
710302,/news-updates/recalls-news/2014/apr/loch
709999,/news-updates/recalls-news/2014/apr/munchy-seeds-honey-seeds-recall
710800,/news-updates/recalls-news/2014/apr/sainsbury
702252,/news-updates/recalls-news/2014/feb/loch-arthur
705082,/news-updates/recalls-news/2014/feb/metal
700945,/news-updates/recalls-news/2014/jan/jelly-mini-cups
715992,/news-updates/recalls-news/2014/jun/nisa-water
715920,/news-updates/recalls-news/2014/jun/sainsburys-olives
706687,/news-updates/recalls-news/2014/mar/morrisons
712651,/news-updates/recalls-news/2014/may/plum-baby-foods
712683,/news-updates/recalls-news/2014/may/sainsburys-olives
714874,/news-updates/recalls-news/2014/may/salmon
633758,/northern-ireland/news-updates/allergy-news/2012/sep/musgrave
710273,/northern-ireland/news-updates/allergy-news/2014/april/wonderbar-chocolate
708387,/northern-ireland/news-updates/allergy-news/2014/march/karro-sausages
708377,/northern-ireland/news-updates/allergy-news/2014/march/sausage-rolls
687950,/northern-ireland/news-updates/counterfeit
648497,/northern-ireland/news-updates/news/2012/dec/fir-consultation-ni
648334,/northern-ireland/news-updates/news/2012/dec/ni-sampling-report-dec
646778,/northern-ireland/news-updates/news/2012/dec/nifac-dec
613641,/northern-ireland/news-updates/news/2012/jun/food-safety-week
641657,/northern-ireland/news-updates/news/2012/oct/hybrid-announcement
667655,/northern-ireland/news-updates/news/2013/apr/caloriewise-workshop
666498,/northern-ireland/news-updates/news/2013/apr/events
696649,/northern-ireland/news-updates/news/2013/dec/award
696211,/northern-ireland/news-updates/news/2013/dec/milk
698520,/northern-ireland/news-updates/news/2013/dec/ni-sixth-food-sampling-report
652733,/northern-ireland/news-updates/news/2013/feb/stat-fhrs-ni
649969,/northern-ireland/news-updates/news/2013/jan/nifac-jan
679082,/northern-ireland/news-updates/news/2013/jul/carrier-bags
678005,/northern-ireland/news-updates/news/2013/jul/kerr
676054,/northern-ireland/news-updates/news/2013/jun/food-and-you
674138,/northern-ireland/news-updates/news/2013/jun/fop-announcement
676251,/northern-ireland/news-updates/news/2013/jun/reports-pub-ni
660723,/northern-ireland/news-updates/news/2013/mar/ni-training-manual6
661267,/northern-ireland/news-updates/news/2013/mar/safe-catering-issue5
694292,/northern-ireland/news-updates/news/2013/nov/milk
688138,/northern-ireland/news-updates/news/2013/oct/cieh
688593,/northern-ireland/news-updates/news/2013/oct/coleraine
687952,/northern-ireland/news-updates/news/2013/oct/counterfeit
711471,/northern-ireland/news-updates/news/2014/April/sentencing
705463,/northern-ireland/news-updates/news/2014/feb/caterers-workshop
699986,/northern-ireland/news-updates/news/2014/jan/food-labelling-invitation
716198,/northern-ireland/news-updates/news/2014/jun/fsw
708044,/northern-ireland/news-updates/news/2014/mar/reports-pub-2013ni
714729,/northern-ireland/news-updates/news/2014/may/nifac-recruiting
633503,/northern-ireland/news-updates/recalls-news/2012/aug/britvic-ballygowan
642758,/northern-ireland/news-updates/recalls-news/2012/nov/lmmeats_wd
634208,/northern-ireland/news-updates/recalls-news/2012/sep/brasserie2
635344,/northern-ireland/news-updates/recalls-news/2012/sep/britvic-update-2
633864,/northern-ireland/news-updates/recalls-news/2012/sep/britvicupdate
665682,/northern-ireland/news-updates/recalls-news/2013/apr/kingshill
677646,/northern-ireland/news-updates/recalls-news/2013/jul/island-salads
643296,/northern-ireland/nutritionni/niyoungpeople/activ8ni
666060,/science/research/foodborneillness/foodbornediseaseresearch/noroconference13
653025,/scotland/news-updates/allergy-news/2013/jan/scotland-scotchbrothpeanuts
628337,/scotland/news-updates/news/2012/aug/biotoxin
630960,/scotland/news-updates/news/2012/aug/calendar
631318,/scotland/news-updates/news/2012/aug/sfac-meeting
649202,/scotland/news-updates/news/2012/dec/animal-welfare-scot
648500,/scotland/news-updates/news/2012/dec/fir-consulation-scot
617293,/scotland/news-updates/news/2012/jul/shellfishar
616488,/scotland/news-updates/news/2012/jun/clean-hands
643444,/scotland/news-updates/news/2012/nov/germs_handwashing
646273,/scotland/news-updates/news/2012/nov/scot-meet-dec12
642985,/scotland/news-updates/news/2012/nov/scot-openmeet
637858,/scotland/news-updates/news/2012/oct/scot-eat
639457,/scotland/news-updates/news/2012/oct/scot-sheep
635026,/scotland/news-updates/news/2012/sep/food-surveillance
633731,/scotland/news-updates/news/2012/sep/fsaslisteria
667824,/scotland/news-updates/news/2013/apr/scotsalt
664179,/scotland/news-updates/news/2013/apr/sfacapril13
681437,/scotland/news-updates/news/2013/aug/fsahps
683467,/scotland/news-updates/news/2013/aug/sfacsept13
653135,/scotland/news-updates/news/2013/jan/scotland-calendar2013
650604,/scotland/news-updates/news/2013/jan/sfac-Jan13
680306,/scotland/news-updates/news/2013/jul/bbq
679324,/scotland/news-updates/news/2013/jul/food-deprivation
673596,/scotland/news-updates/news/2013/jun/dunb-fhis
676051,/scotland/news-updates/news/2013/jun/scot-food
674218,/scotland/news-updates/news/2013/jun/scotlabel
673977,/scotland/news-updates/news/2013/jun/shellfish
659475,/scotland/news-updates/news/2013/mar/dalgetybayseafood1
658458,/scotland/news-updates/news/2013/mar/enablescot
662443,/scotland/news-updates/news/2013/mar/fhiseastayrshire
659245,/scotland/news-updates/news/2013/mar/mothers-day
671697,/scotland/news-updates/news/2013/may/eatsafe1000
671480,/scotland/news-updates/news/2013/may/sfac.may13
695413,/scotland/news-updates/news/2013/nov/vit-d
692315,/scotland/news-updates/news/2013/oct/office
688525,/scotland/news-updates/news/2013/oct/Scotchbeef
684455,/scotland/news-updates/news/2013/sep/competition-scotland
685909,/scotland/news-updates/news/2013/sep/fhis-toolkit
711505,/scotland/news-updates/news/2014/apr/conference
709833,/scotland/news-updates/news/2014/apr/eating-out-of-home
711356,/scotland/news-updates/news/2014/apr/revised-salt-targets
704377,/scotland/news-updates/news/2014/feb/sfac-meeting
703307,/scotland/news-updates/news/2014/feb/shellfish-toxin-consultation
701812,/scotland/news-updates/news/2014/jan/butchers
700656,/scotland/news-updates/news/2014/jan/fsas-facebook
699950,/scotland/news-updates/news/2014/jan/sfac-meeting
715551,/scotland/news-updates/news/2014/jun/annual-reports-2013
716186,/scotland/news-updates/news/2014/jun/fsw
716753,/scotland/news-updates/news/2014/jun/parents
714681,/scotland/news-updates/news/2014/jun/research-call
708271,/scotland/news-updates/news/2014/mar/campy-research-call
707508,/scotland/news-updates/news/2014/mar/childrens-conf
706322,/scotland/news-updates/news/2014/mar/sfac
708259,/scotland/news-updates/news/2014/mar/study
714505,/scotland/news-updates/news/2014/may/sfac3june14
712424,/scotland/news-updates/news/2014/may/shellfish-toxin-guidance
625388,/scotland/news-updates/recalls-news/2012/aug/chickenpakora
649358,/scotland/news-updates/recalls-news/2012/dec/argyll-smokery
697413,/scotland/news-updates/recalls-news/2013/dec/village-park
650350,/scotland/news-updates/recalls-news/2013/jan/snax4u
650468,/scotland/news-updates/recalls-news/2013/jan/snax4u-update
650627,/scotland/news-updates/recalls-news/2013/jan/snax4u-update2
650777,/scotland/news-updates/recalls-news/2013/jan/snax4u3
711536,/scotland/news-updates/recalls-news/2014/apr/tofu
715649,/scotland/news-updates/recalls-news/2014/jun/fresh-today-foods-recall
274229,/scotland/safetyhygienescot/outbreakcontrolscotland
427332,/wales/about-fsa-wales/cymru/newyddiondatgan/newyddion/archifnewcym/2007/tac/nutstratw
426434,/wales/about-fsa-wales/cymru/newyddiondatgan/newyddion/archifnewcym/2007/tac/otm
426440,/wales/about-fsa-wales/cymru/newyddiondatgan/newyddion/archifnewcym/2007/tac/wfaf071109caerdydd
482256,/wales/about-fsa-wales/cymru/newyddiondatgan/newyddion/archifnewcym/2008/tac/mhsiacancelledcym
481885,/wales/about-fsa-wales/cymru/newyddiondatgan/newyddion/archifnewcym/2008/tac/mhsnews
527497,/wales/about-fsa-wales/cymru/newyddiondatgan/newyddion/archifnewcym/2009/rha/alerg
525886,/wales/about-fsa-wales/cymru/newyddiondatgan/newyddion/archifnewcym/2009/tac/heini
551384,/wales/about-fsa-wales/cymru/newyddiondatgan/newyddion/archifnewcym/2010/aws/clonio
552623,/wales/about-fsa-wales/cymru/newyddiondatgan/newyddion/archifnewcym/2010/aws/cshb
551358,/wales/about-fsa-wales/cymru/newyddiondatgan/newyddion/archifnewcym/2010/aws/iaucywiar
535526,/wales/about-fsa-wales/cymru/newyddiondatgan/newyddion/archifnewcym/2010/chw/sotd
540950,/wales/about-fsa-wales/cymru/newyddiondatgan/newyddion/archifnewcym/2010/ebr/gohiriowfac
550060,/wales/about-fsa-wales/cymru/newyddiondatgan/newyddion/archifnewcym/2010/gor/archwilio
550546,/wales/about-fsa-wales/cymru/newyddiondatgan/newyddion/archifnewcym/2010/gor/asbnewid
532230,/wales/about-fsa-wales/cymru/newyddiondatgan/newyddion/archifnewcym/2010/ion/hylendid
531471,/wales/about-fsa-wales/cymru/newyddiondatgan/newyddion/archifnewcym/2010/ion/llaeth
543357,/wales/about-fsa-wales/cymru/newyddiondatgan/newyddion/archifnewcym/2010/mai/catalogadnoddau10
539334,/wales/about-fsa-wales/cymru/newyddiondatgan/newyddion/archifnewcym/2010/maw/adroddiadecoli
539418,/wales/about-fsa-wales/cymru/newyddiondatgan/newyddion/archifnewcym/2010/maw/wfac
554838,/wales/about-fsa-wales/cymru/newyddiondatgan/newyddion/archifnewcym/2010/med/fsacymraeg
546564,/wales/about-fsa-wales/cymru/newyddiondatgan/newyddion/archifnewcym/2010/meh/bygiaubwyd
546011,/wales/about-fsa-wales/cymru/newyddiondatgan/newyddion/archifnewcym/2010/meh/lleihaubeichiau
546534,/wales/about-fsa-wales/cymru/newyddiondatgan/newyddion/archifnewcym/2010/meh/sgoriohylendidbwyd
548708,/wales/about-fsa-wales/cymru/newyddiondatgan/newyddion/archifnewcym/2010/meh/wfac220710
560373,/wales/about-fsa-wales/cymru/newyddiondatgan/newyddion/archifnewcym/2010/rha/adolyguhylendid
560348,/wales/about-fsa-wales/cymru/newyddiondatgan/newyddion/archifnewcym/2010/rha/campylobacter
560545,/wales/about-fsa-wales/cymru/newyddiondatgan/newyddion/archifnewcym/2010/rha/strategaethddiwygiedig
561355,/wales/about-fsa-wales/cymru/newyddiondatgan/newyddion/archifnewcym/2010/rha/twrci
561004,/wales/about-fsa-wales/cymru/newyddiondatgan/newyddion/archifnewcym/2010/rha/wfacionawr2011
559861,/wales/about-fsa-wales/cymru/newyddiondatgan/newyddion/archifnewcym/2010/tac/clonio
560150,/wales/about-fsa-wales/cymru/newyddiondatgan/newyddion/archifnewcym/2010/tac/cshbtachwedd
559827,/wales/about-fsa-wales/cymru/newyddiondatgan/newyddion/archifnewcym/2010/tac/cwest
558705,/wales/about-fsa-wales/cymru/newyddiondatgan/newyddion/archifnewcym/2010/tac/rheolaethaucig
559872,/wales/about-fsa-wales/cymru/newyddiondatgan/newyddion/archifnewcym/2010/tac/ychwanegion
583954,/wales/about-fsa-wales/cymru/newyddiondatgan/newyddion/archifnewcym/2011/aws/bwrddasb070911
585436,/wales/about-fsa-wales/cymru/newyddiondatgan/newyddion/archifnewcym/2011/aws/cymeradwyobusnesau
582719,/wales/about-fsa-wales/cymru/newyddiondatgan/newyddion/archifnewcym/2011/aws/dvdcigyddion
582985,/wales/about-fsa-wales/cymru/newyddiondatgan/newyddion/archifnewcym/2011/aws/gwaharddaelodbwrdd
582998,/wales/about-fsa-wales/cymru/newyddiondatgan/newyddion/archifnewcym/2011/aws/wfac0109
564926,/wales/about-fsa-wales/cymru/newyddiondatgan/newyddion/archifnewcym/2011/chw/anifeiliaidhela
566983,/wales/about-fsa-wales/cymru/newyddiondatgan/newyddion/archifnewcym/2011/chw/cshb
565615,/wales/about-fsa-wales/cymru/newyddiondatgan/newyddion/archifnewcym/2011/chw/newyddionecoli
566788,/wales/about-fsa-wales/cymru/newyddiondatgan/newyddion/archifnewcym/2011/chw/wfac0311
572724,/wales/about-fsa-wales/cymru/newyddiondatgan/newyddion/archifnewcym/2011/ebr/wfacmai11
581855,/wales/about-fsa-wales/cymru/newyddiondatgan/newyddion/archifnewcym/2011/gor/adroddiadblynyddol1011
580746,/wales/about-fsa-wales/cymru/newyddiondatgan/newyddion/archifnewcym/2011/gor/ecoli0107
581410,/wales/about-fsa-wales/cymru/newyddiondatgan/newyddion/archifnewcym/2011/gor/ecoli1107
581238,/wales/about-fsa-wales/cymru/newyddiondatgan/newyddion/archifnewcym/2011/gor/ecoliefsa
589124,/wales/about-fsa-wales/cymru/newyddiondatgan/newyddion/archifnewcym/2011/hyd/adroddiadarchwiliowrecsam
589795,/wales/about-fsa-wales/cymru/newyddiondatgan/newyddion/archifnewcym/2011/hyd/cyfarfodgwybdoaethamfwyd
591059,/wales/about-fsa-wales/cymru/newyddiondatgan/newyddion/archifnewcym/2011/hyd/wfac1011
564836,/wales/about-fsa-wales/cymru/newyddiondatgan/newyddion/archifnewcym/2011/ion/archwilioabertawe
564206,/wales/about-fsa-wales/cymru/newyddiondatgan/newyddion/archifnewcym/2011/ion/archwiliotorfaen
562592,/wales/about-fsa-wales/cymru/newyddiondatgan/newyddion/archifnewcym/2011/ion/diocsinau
563376,/wales/about-fsa-wales/cymru/newyddiondatgan/newyddion/archifnewcym/2011/ion/diocsinau13
562673,/wales/about-fsa-wales/cymru/newyddiondatgan/newyddion/archifnewcym/2011/ion/diweddariaddiocsinau
563903,/wales/about-fsa-wales/cymru/newyddiondatgan/newyddion/archifnewcym/2011/ion/jelicwpanau
562798,/wales/about-fsa-wales/cymru/newyddiondatgan/newyddion/archifnewcym/2011/ion/wyaudiocsinau
563874,/wales/about-fsa-wales/cymru/newyddiondatgan/newyddion/archifnewcym/2011/ion/ychwanegion
573548,/wales/about-fsa-wales/cymru/newyddiondatgan/newyddion/archifnewcym/2011/mai/cyngorcloniaid
575038,/wales/about-fsa-wales/cymru/newyddiondatgan/newyddion/archifnewcym/2011/mai/ecoligermany
573751,/wales/about-fsa-wales/cymru/newyddiondatgan/newyddion/archifnewcym/2011/mai/taliadaucigmai11
568039,/wales/about-fsa-wales/cymru/newyddiondatgan/newyddion/archifnewcym/2011/maw/archwilioblaenaugwent
567711,/wales/about-fsa-wales/cymru/newyddiondatgan/newyddion/archifnewcym/2011/maw/cyfarfodfir
570320,/wales/about-fsa-wales/cymru/newyddiondatgan/newyddion/archifnewcym/2011/maw/diweddariadjapan
568198,/wales/about-fsa-wales/cymru/newyddiondatgan/newyddion/archifnewcym/2011/maw/glwten
570125,/wales/about-fsa-wales/cymru/newyddiondatgan/newyddion/archifnewcym/2011/maw/japan
570719,/wales/about-fsa-wales/cymru/newyddiondatgan/newyddion/archifnewcym/2011/maw/llaethtb
569758,/wales/about-fsa-wales/cymru/newyddiondatgan/newyddion/archifnewcym/2011/maw/penodiadaelodauwfac
570413,/wales/about-fsa-wales/cymru/newyddiondatgan/newyddion/archifnewcym/2011/maw/strategaeth2015
586796,/wales/about-fsa-wales/cymru/newyddiondatgan/newyddion/archifnewcym/2011/med/adroddiadprifwyddonydd
585467,/wales/about-fsa-wales/cymru/newyddiondatgan/newyddion/archifnewcym/2011/med/aelodbwrdd
586200,/wales/about-fsa-wales/cymru/newyddiondatgan/newyddion/archifnewcym/2011/med/arbenigwyrrheolaethauswyddogol
587001,/wales/about-fsa-wales/cymru/newyddiondatgan/newyddion/archifnewcym/2011/med/canllawiaulabelibwydmedi11
588876,/wales/about-fsa-wales/cymru/newyddiondatgan/newyddion/archifnewcym/2011/med/datacyhoeddus
586008,/wales/about-fsa-wales/cymru/newyddiondatgan/newyddion/archifnewcym/2011/med/effaithrheolaethaucig
586100,/wales/about-fsa-wales/cymru/newyddiondatgan/newyddion/archifnewcym/2011/med/penderfyniadbwrddmedi11
587686,/wales/about-fsa-wales/cymru/newyddiondatgan/newyddion/archifnewcym/2011/med/profionanifeiliaid
586611,/wales/about-fsa-wales/cymru/newyddiondatgan/newyddion/archifnewcym/2011/med/pwyllgorgweddillionmilfeddygol
585933,/wales/about-fsa-wales/cymru/newyddiondatgan/newyddion/archifnewcym/2011/med/salmonelapt14b
585386,/wales/about-fsa-wales/cymru/newyddiondatgan/newyddion/archifnewcym/2011/med/unocshb
576289,/wales/about-fsa-wales/cymru/newyddiondatgan/newyddion/archifnewcym/2011/meh/adroddiadcasnewydd
575513,/wales/about-fsa-wales/cymru/newyddiondatgan/newyddion/archifnewcym/2011/meh/ecoli0306
575846,/wales/about-fsa-wales/cymru/newyddiondatgan/newyddion/archifnewcym/2011/meh/ecoli0606
576579,/wales/about-fsa-wales/cymru/newyddiondatgan/newyddion/archifnewcym/2011/meh/ecoli1006
580260,/wales/about-fsa-wales/cymru/newyddiondatgan/newyddion/archifnewcym/2011/meh/ecoli2706
575855,/wales/about-fsa-wales/cymru/newyddiondatgan/newyddion/archifnewcym/2011/meh/wdb2011
576567,/wales/about-fsa-wales/cymru/newyddiondatgan/newyddion/archifnewcym/2011/meh/wfacgorff11
594965,/wales/about-fsa-wales/cymru/newyddiondatgan/newyddion/archifnewcym/2011/rha/diogelwchnadolig
595126,/wales/about-fsa-wales/cymru/newyddiondatgan/newyddion/archifnewcym/2011/rha/rheoliadlabelubwydnewydd
595384,/wales/about-fsa-wales/cymru/newyddiondatgan/newyddion/archifnewcym/2011/rha/wyau
595499,/wales/about-fsa-wales/cymru/newyddiondatgan/newyddion/archifnewcym/2011/rha/ymchwilcshb
593490,/wales/about-fsa-wales/cymru/newyddiondatgan/newyddion/archifnewcym/2011/tac/chernobyl
593853,/wales/about-fsa-wales/cymru/newyddiondatgan/newyddion/archifnewcym/2011/tac/llysiau
594014,/wales/about-fsa-wales/cymru/newyddiondatgan/newyddion/archifnewcym/2011/tac/rhybudddropvodka
594235,/wales/about-fsa-wales/cymru/newyddiondatgan/newyddion/archifnewcym/2011/tac/wystrys
593158,/wales/about-fsa-wales/cymru/newyddiondatgan/newyddion/archifnewcym/2011/tac/ychwaneg
627713,/wales/about-fsa-wales/cymru/newyddiondatgan/newyddion/archifnewcym/2012/aws/rhybudddmaa
630895,/wales/about-fsa-wales/cymru/newyddiondatgan/newyddion/archifnewcym/2012/aws/smokies0812
630707,/wales/about-fsa-wales/cymru/newyddiondatgan/newyddion/archifnewcym/2012/aws/wfac6medi12
628743,/wales/about-fsa-wales/cymru/newyddiondatgan/newyddion/archifnewcym/2012/aws/ygemaueuraid
600995,/wales/about-fsa-wales/cymru/newyddiondatgan/newyddion/archifnewcym/2012/chwef/achosionosalmonelanewport
602870,/wales/about-fsa-wales/cymru/newyddiondatgan/newyddion/archifnewcym/2012/chwef/adroddiadbromorgannwg
602786,/wales/about-fsa-wales/cymru/newyddiondatgan/newyddion/archifnewcym/2012/chwef/adroddiadtorfaen
601300,/wales/about-fsa-wales/cymru/newyddiondatgan/newyddion/archifnewcym/2012/chwef/cshbcymru
601335,/wales/about-fsa-wales/cymru/newyddiondatgan/newyddion/archifnewcym/2012/chwef/hysbysebacaf
601346,/wales/about-fsa-wales/cymru/newyddiondatgan/newyddion/archifnewcym/2012/chwef/lansiodvdcigyddion
604170,/wales/about-fsa-wales/cymru/newyddiondatgan/newyddion/archifnewcym/2012/chwef/rheolaethauswyddogol
608255,/wales/about-fsa-wales/cymru/newyddiondatgan/newyddion/archifnewcym/2012/ebrill/scudamore
608094,/wales/about-fsa-wales/cymru/newyddiondatgan/newyddion/archifnewcym/2012/ebrill/ymgyrcholympaidd
619284,/wales/about-fsa-wales/cymru/newyddiondatgan/newyddion/archifnewcym/2012/gorff/adroddiadblynyddol1112
615836,/wales/about-fsa-wales/cymru/newyddiondatgan/newyddion/archifnewcym/2012/gorff/agosirllinell
619297,/wales/about-fsa-wales/cymru/newyddiondatgan/newyddion/archifnewcym/2012/gorff/arolwgolabelu
616235,/wales/about-fsa-wales/cymru/newyddiondatgan/newyddion/archifnewcym/2012/gorff/bagiauarwahan
621226,/wales/about-fsa-wales/cymru/newyddiondatgan/newyddion/archifnewcym/2012/gorff/dimangenifentro
617195,/wales/about-fsa-wales/cymru/newyddiondatgan/newyddion/archifnewcym/2012/gorff/herstrategol
622185,/wales/about-fsa-wales/cymru/newyddiondatgan/newyddion/archifnewcym/2012/gorff/marciaubarodewch
619727,/wales/about-fsa-wales/cymru/newyddiondatgan/newyddion/archifnewcym/2012/gorff/penodicatherinebrown
622111,/wales/about-fsa-wales/cymru/newyddiondatgan/newyddion/archifnewcym/2012/gorff/pethaunpoethi
616288,/wales/about-fsa-wales/cymru/newyddiondatgan/newyddion/archifnewcym/2012/gorff/rhybuddyrasiantaeth
616506,/wales/about-fsa-wales/cymru/newyddiondatgan/newyddion/archifnewcym/2012/gorff/ymatebiefsa
619740,/wales/about-fsa-wales/cymru/newyddiondatgan/newyddion/archifnewcym/2012/gorff/ymatebwg
641693,/wales/about-fsa-wales/cymru/newyddiondatgan/newyddion/archifnewcym/2012/hyd/agendawfac1112
642416,/wales/about-fsa-wales/cymru/newyddiondatgan/newyddion/archifnewcym/2012/hyd/cyfarfodyddiranddeiliaid
640602,/wales/about-fsa-wales/cymru/newyddiondatgan/newyddion/archifnewcym/2012/hyd/nodynatgoffa
641946,/wales/about-fsa-wales/cymru/newyddiondatgan/newyddion/archifnewcym/2012/hyd/nodynatgoffa2
637374,/wales/about-fsa-wales/cymru/newyddiondatgan/newyddion/archifnewcym/2012/hyd/safonauhylendidyngwella
598993,/wales/about-fsa-wales/cymru/newyddiondatgan/newyddion/archifnewcym/2012/ion/eddysgu
598410,/wales/about-fsa-wales/cymru/newyddiondatgan/newyddion/archifnewcym/2012/ion/ennillcydnabyddiaeth
598684,/wales/about-fsa-wales/cymru/newyddiondatgan/newyddion/archifnewcym/2012/ion/glwten
599928,/wales/about-fsa-wales/cymru/newyddiondatgan/newyddion/archifnewcym/2012/ion/hylendidbwyd
598030,/wales/about-fsa-wales/cymru/newyddiondatgan/newyddion/archifnewcym/2012/ion/lliwiaubwyd
598810,/wales/about-fsa-wales/cymru/newyddiondatgan/newyddion/archifnewcym/2012/ion/rheolaethauswyddogol
599029,/wales/about-fsa-wales/cymru/newyddiondatgan/newyddion/archifnewcym/2012/ion/safleoeddcymeradwy
597891,/wales/about-fsa-wales/cymru/newyddiondatgan/newyddion/archifnewcym/2012/ion/wfacion12
612349,/wales/about-fsa-wales/cymru/newyddiondatgan/newyddion/archifnewcym/2012/mai/biobrofionarlygod
611230,/wales/about-fsa-wales/cymru/newyddiondatgan/newyddion/archifnewcym/2012/mai/cyfarfodwfacmai2012
612731,/wales/about-fsa-wales/cymru/newyddiondatgan/newyddion/archifnewcym/2012/mai/cyhoeddiymchwil
612995,/wales/about-fsa-wales/cymru/newyddiondatgan/newyddion/archifnewcym/2012/mai/cynllungorfodolcyntaf
613189,/wales/about-fsa-wales/cymru/newyddiondatgan/newyddion/archifnewcym/2012/mai/digwyddiadaubwyd
612267,/wales/about-fsa-wales/cymru/newyddiondatgan/newyddion/archifnewcym/2012/mai/fideoshylendidarlein
612837,/wales/about-fsa-wales/cymru/newyddiondatgan/newyddion/archifnewcym/2012/mai/partionstryd
605376,/wales/about-fsa-wales/cymru/newyddiondatgan/newyddion/archifnewcym/2012/maw/asidlactig
605532,/wales/about-fsa-wales/cymru/newyddiondatgan/newyddion/archifnewcym/2012/maw/asidlactigcigeidion
606537,/wales/about-fsa-wales/cymru/newyddiondatgan/newyddion/archifnewcym/2012/maw/chernobylcym
607435,/wales/about-fsa-wales/cymru/newyddiondatgan/newyddion/archifnewcym/2012/maw/rhybuddmistral
604752,/wales/about-fsa-wales/cymru/newyddiondatgan/newyddion/archifnewcym/2012/maw/wfac150312
614766,/wales/about-fsa-wales/cymru/newyddiondatgan/newyddion/archifnewcym/2012/meh/barodiheriorasb
613421,/wales/about-fsa-wales/cymru/newyddiondatgan/newyddion/archifnewcym/2012/meh/canslowfac
615238,/wales/about-fsa-wales/cymru/newyddiondatgan/newyddion/archifnewcym/2012/meh/cyfarfodagoredwfac
613820,/wales/about-fsa-wales/cymru/newyddiondatgan/newyddion/archifnewcym/2012/meh/cyfarfodybwrdd
615257,/wales/about-fsa-wales/cymru/newyddiondatgan/newyddion/archifnewcym/2012/meh/datganiadyralban
614192,/wales/about-fsa-wales/cymru/newyddiondatgan/newyddion/archifnewcym/2012/meh/ffatrigigyneuog
615368,/wales/about-fsa-wales/cymru/newyddiondatgan/newyddion/archifnewcym/2012/meh/frozenvalue
614686,/wales/about-fsa-wales/cymru/newyddiondatgan/newyddion/archifnewcym/2012/meh/gwahoddiadigynhadledd
615286,/wales/about-fsa-wales/cymru/newyddiondatgan/newyddion/archifnewcym/2012/meh/holiatebecoli3
614059,/wales/about-fsa-wales/cymru/newyddiondatgan/newyddion/archifnewcym/2012/meh/hufeniachokablok
614148,/wales/about-fsa-wales/cymru/newyddiondatgan/newyddion/archifnewcym/2012/meh/lefelaumetelau
614438,/wales/about-fsa-wales/cymru/newyddiondatgan/newyddion/archifnewcym/2012/meh/pastapasaka
614230,/wales/about-fsa-wales/cymru/newyddiondatgan/newyddion/archifnewcym/2012/meh/penodiadaunewydd
613666,/wales/about-fsa-wales/cymru/newyddiondatgan/newyddion/archifnewcym/2012/meh/risgdiogbwydarbedarian
614697,/wales/about-fsa-wales/cymru/newyddiondatgan/newyddion/archifnewcym/2012/meh/sainsburysyngalw
614993,/wales/about-fsa-wales/cymru/newyddiondatgan/newyddion/archifnewcym/2012/meh/tynnuconauynol
613374,/wales/about-fsa-wales/cymru/newyddiondatgan/newyddion/archifnewcym/2012/meh/ymatebyrasb
615692,/wales/about-fsa-wales/cymru/newyddiondatgan/newyddion/archifnewcym/2012/meh/ymchwiltwymynq
646853,/wales/about-fsa-wales/cymru/newyddiondatgan/newyddion/archifnewcym/2012/rhag/cyfarfodwfacrhagfyr12
646897,/wales/about-fsa-wales/cymru/newyddiondatgan/newyddion/archifnewcym/2012/rhag/cynllunrheoli2012
646955,/wales/about-fsa-wales/cymru/newyddiondatgan/newyddion/archifnewcym/2012/rhag/gweddnewydd
648037,/wales/about-fsa-wales/cymru/newyddiondatgan/newyddion/archifnewcym/2012/rhag/jeffrooker
644553,/wales/about-fsa-wales/cymru/newyddiondatgan/newyddion/archifnewcym/2012/tach/cyhoeddiadamaelodau
642997,/wales/about-fsa-wales/cymru/newyddiondatgan/newyddion/archifnewcym/2012/tach/difethanadolig
646246,/wales/about-fsa-wales/cymru/newyddiondatgan/newyddion/archifnewcym/2012/tach/dirymurheolaethau
642975,/wales/about-fsa-wales/cymru/newyddiondatgan/newyddion/archifnewcym/2012/tach/eisiaucadeirydd
643021,/wales/about-fsa-wales/cymru/newyddiondatgan/newyddion/archifnewcym/2012/tach/Rhybudd
682568,/wales/about-fsa-wales/cymru/newyddiondatgan/newyddion/archifnewcym/2013/awst/dnp
682646,/wales/about-fsa-wales/cymru/newyddiondatgan/newyddion/archifnewcym/2013/awst/stecs-gwaedlyd
682452,/wales/about-fsa-wales/cymru/newyddiondatgan/newyddion/archifnewcym/2013/awst/wfac0913
656094,/wales/about-fsa-wales/cymru/newyddiondatgan/newyddion/archifnewcym/2013/chwef/arestio
655214,/wales/about-fsa-wales/cymru/newyddiondatgan/newyddion/archifnewcym/2013/chwef/blebwyta
657161,/wales/about-fsa-wales/cymru/newyddiondatgan/newyddion/archifnewcym/2013/chwef/byrgyrsbmc
655936,/wales/about-fsa-wales/cymru/newyddiondatgan/newyddion/archifnewcym/2013/chwef/canlyniadaubute
655704,/wales/about-fsa-wales/cymru/newyddiondatgan/newyddion/archifnewcym/2013/chwef/cigceffylgorllcymru
655444,/wales/about-fsa-wales/cymru/newyddiondatgan/newyddion/archifnewcym/2013/chwef/cigceffyltesco
653582,/wales/about-fsa-wales/cymru/newyddiondatgan/newyddion/archifnewcym/2013/chwef/cighalal
656164,/wales/about-fsa-wales/cymru/newyddiondatgan/newyddion/archifnewcym/2013/chwef/cyhoeddicanlyniadau
655643,/wales/about-fsa-wales/cymru/newyddiondatgan/newyddion/archifnewcym/2013/chwef/cyngorcigceffyl
655116,/wales/about-fsa-wales/cymru/newyddiondatgan/newyddion/archifnewcym/2013/chwef/datasbcighalogi
654914,/wales/about-fsa-wales/cymru/newyddiondatgan/newyddion/archifnewcym/2013/chwef/datganiadcigceffyl
657366,/wales/about-fsa-wales/cymru/newyddiondatgan/newyddion/archifnewcym/2013/chwef/diweddariadprofion
654741,/wales/about-fsa-wales/cymru/newyddiondatgan/newyddion/archifnewcym/2013/chwef/diweddariadrhagbrofi
656894,/wales/about-fsa-wales/cymru/newyddiondatgan/newyddion/archifnewcym/2013/chwef/ehanguprofioncig
654807,/wales/about-fsa-wales/cymru/newyddiondatgan/newyddion/archifnewcym/2013/chwef/findus
653678,/wales/about-fsa-wales/cymru/newyddiondatgan/newyddion/archifnewcym/2013/chwef/hebgm
655460,/wales/about-fsa-wales/cymru/newyddiondatgan/newyddion/archifnewcym/2013/chwef/proficeffylau
654469,/wales/about-fsa-wales/cymru/newyddiondatgan/newyddion/archifnewcym/2013/chwef/protocolprofi
653771,/wales/about-fsa-wales/cymru/newyddiondatgan/newyddion/archifnewcym/2013/chwef/trefnbrofi
654412,/wales/about-fsa-wales/cymru/newyddiondatgan/newyddion/archifnewcym/2013/chwef/wfac270213
667192,/wales/about-fsa-wales/cymru/newyddiondatgan/newyddion/archifnewcym/2013/ebr/adnoddaudatblygu
666594,/wales/about-fsa-wales/cymru/newyddiondatgan/newyddion/archifnewcym/2013/ebr/adolygucigceff
665976,/wales/about-fsa-wales/cymru/newyddiondatgan/newyddion/archifnewcym/2013/ebr/aelodauwfacnewydd
663855,/wales/about-fsa-wales/cymru/newyddiondatgan/newyddion/archifnewcym/2013/ebr/asacomplaint
667926,/wales/about-fsa-wales/cymru/newyddiondatgan/newyddion/archifnewcym/2013/ebr/cadeiryddasb
667521,/wales/about-fsa-wales/cymru/newyddiondatgan/newyddion/archifnewcym/2013/ebr/canlyniadterfynol
666481,/wales/about-fsa-wales/cymru/newyddiondatgan/newyddion/archifnewcym/2013/ebr/cigceffewrop
665009,/wales/about-fsa-wales/cymru/newyddiondatgan/newyddion/archifnewcym/2013/ebr/cigceffyldiweddaraf
663728,/wales/about-fsa-wales/cymru/newyddiondatgan/newyddion/archifnewcym/2013/ebr/cyfarfodbwrdd17ebr
665004,/wales/about-fsa-wales/cymru/newyddiondatgan/newyddion/archifnewcym/2013/ebr/lefeliselbute
679306,/wales/about-fsa-wales/cymru/newyddiondatgan/newyddion/archifnewcym/2013/gor/adroddiad-blynyddol
679369,/wales/about-fsa-wales/cymru/newyddiondatgan/newyddion/archifnewcym/2013/gor/adroddiadiechydllesadiogelwchbwyd
677267,/wales/about-fsa-wales/cymru/newyddiondatgan/newyddion/archifnewcym/2013/gor/bwytadailcyri
678643,/wales/about-fsa-wales/cymru/newyddiondatgan/newyddion/archifnewcym/2013/gor/cynllungweithreduasb
679242,/wales/about-fsa-wales/cymru/newyddiondatgan/newyddion/archifnewcym/2013/gor/dnaceffylpastaicig
678842,/wales/about-fsa-wales/cymru/newyddiondatgan/newyddion/archifnewcym/2013/gor/listeria0713
677384,/wales/about-fsa-wales/cymru/newyddiondatgan/newyddion/archifnewcym/2013/gor/morrisonsgalwynol
677856,/wales/about-fsa-wales/cymru/newyddiondatgan/newyddion/archifnewcym/2013/gor/sgoriauhylendidbwydgorau
676626,/wales/about-fsa-wales/cymru/newyddiondatgan/newyddion/archifnewcym/2013/gor/tb
677023,/wales/about-fsa-wales/cymru/newyddiondatgan/newyddion/archifnewcym/2013/gor/tescofinest
688654,/wales/about-fsa-wales/cymru/newyddiondatgan/newyddion/archifnewcym/2013/hyd/cig-ceffyl
687739,/wales/about-fsa-wales/cymru/newyddiondatgan/newyddion/archifnewcym/2013/hyd/cycbabarn
692622,/wales/about-fsa-wales/cymru/newyddiondatgan/newyddion/archifnewcym/2013/hyd/DNAceffylauRwmania
690601,/wales/about-fsa-wales/cymru/newyddiondatgan/newyddion/archifnewcym/2013/hyd/gwahoddiadwfac31hydref13
692111,/wales/about-fsa-wales/cymru/newyddiondatgan/newyddion/archifnewcym/2013/hyd/gweithdy-alergenau
690614,/wales/about-fsa-wales/cymru/newyddiondatgan/newyddion/archifnewcym/2013/hyd/oxyelitepro
690582,/wales/about-fsa-wales/cymru/newyddiondatgan/newyddion/archifnewcym/2013/hyd/peryglon-DNP
690031,/wales/about-fsa-wales/cymru/newyddiondatgan/newyddion/archifnewcym/2013/hyd/recriwtioaelodaubwrdd
688037,/wales/about-fsa-wales/cymru/newyddiondatgan/newyddion/archifnewcym/2013/hyd/tescofrozenclassicturkeydinner
653411,/wales/about-fsa-wales/cymru/newyddiondatgan/newyddion/archifnewcym/2013/ion/alergedd
652515,/wales/about-fsa-wales/cymru/newyddiondatgan/newyddion/archifnewcym/2013/ion/cigceff3
651046,/wales/about-fsa-wales/cymru/newyddiondatgan/newyddion/archifnewcym/2013/ion/cigceffyldiwedd
650115,/wales/about-fsa-wales/cymru/newyddiondatgan/newyddion/archifnewcym/2013/ion/cyfarfodwfac0113
651245,/wales/about-fsa-wales/cymru/newyddiondatgan/newyddion/archifnewcym/2013/ion/dnaceffdiweddariad2
650922,/wales/about-fsa-wales/cymru/newyddiondatgan/newyddion/archifnewcym/2013/ion/dnaceffylau
650243,/wales/about-fsa-wales/cymru/newyddiondatgan/newyddion/archifnewcym/2013/ion/gmion13
652333,/wales/about-fsa-wales/cymru/newyddiondatgan/newyddion/archifnewcym/2013/ion/norofeirws
669256,/wales/about-fsa-wales/cymru/newyddiondatgan/newyddion/archifnewcym/2013/mai/diwygio-rheoliadau
670539,/wales/about-fsa-wales/cymru/newyddiondatgan/newyddion/archifnewcym/2013/mai/pysgnau
668303,/wales/about-fsa-wales/cymru/newyddiondatgan/newyddion/archifnewcym/2013/mai/trincig
669612,/wales/about-fsa-wales/cymru/newyddiondatgan/newyddion/archifnewcym/2013/mai/wfacmai2013
662846,/wales/about-fsa-wales/cymru/newyddiondatgan/newyddion/archifnewcym/2013/maw/arolwgargynhyrchioneidion
658918,/wales/about-fsa-wales/cymru/newyddiondatgan/newyddion/archifnewcym/2013/maw/bwrddasb
659076,/wales/about-fsa-wales/cymru/newyddiondatgan/newyddion/archifnewcym/2013/maw/cshb
659634,/wales/about-fsa-wales/cymru/newyddiondatgan/newyddion/archifnewcym/2013/maw/diweddarafcigceff
661367,/wales/about-fsa-wales/cymru/newyddiondatgan/newyddion/archifnewcym/2013/maw/farmbox
662613,/wales/about-fsa-wales/cymru/newyddiondatgan/newyddion/archifnewcym/2013/maw/gwahoddiad
662084,/wales/about-fsa-wales/cymru/newyddiondatgan/newyddion/archifnewcym/2013/maw/gwerthusocynlluniauhylendid
658142,/wales/about-fsa-wales/cymru/newyddiondatgan/newyddion/archifnewcym/2013/maw/sampluue
659174,/wales/about-fsa-wales/cymru/newyddiondatgan/newyddion/archifnewcym/2013/maw/sul-y-mamau
658390,/wales/about-fsa-wales/cymru/newyddiondatgan/newyddion/archifnewcym/2013/maw/trydyddsetprofion
686531,/wales/about-fsa-wales/cymru/newyddiondatgan/newyddion/archifnewcym/2013/med/adroddiadyprifwyddonydd
685563,/wales/about-fsa-wales/cymru/newyddiondatgan/newyddion/archifnewcym/2013/med/alergenau
683561,/wales/about-fsa-wales/cymru/newyddiondatgan/newyddion/archifnewcym/2013/med/cyngor-alergedd-bwyd
684495,/wales/about-fsa-wales/cymru/newyddiondatgan/newyddion/archifnewcym/2013/med/cynlluncampylobacter
684946,/wales/about-fsa-wales/cymru/newyddiondatgan/newyddion/archifnewcym/2013/med/farmboxgalwynol
685355,/wales/about-fsa-wales/cymru/newyddiondatgan/newyddion/archifnewcym/2013/med/salmonelacymlloeg
672653,/wales/about-fsa-wales/cymru/newyddiondatgan/newyddion/archifnewcym/2013/meh/adolygiadcigceffyl
676038,/wales/about-fsa-wales/cymru/newyddiondatgan/newyddion/archifnewcym/2013/meh/cynllun-rheoli-cenedlaethol
675217,/wales/about-fsa-wales/cymru/newyddiondatgan/newyddion/archifnewcym/2013/meh/gwahoddiadwfac0713
673248,/wales/about-fsa-wales/cymru/newyddiondatgan/newyddion/archifnewcym/2013/meh/wdb2013
697544,/wales/about-fsa-wales/cymru/newyddiondatgan/newyddion/archifnewcym/2013/rha/adolygiad-elliott
698028,/wales/about-fsa-wales/cymru/newyddiondatgan/newyddion/archifnewcym/2013/rha/cynllun-rheoli
698366,/wales/about-fsa-wales/cymru/newyddiondatgan/newyddion/archifnewcym/2013/rha/labelu-bwyd-2014
696508,/wales/about-fsa-wales/cymru/newyddiondatgan/newyddion/archifnewcym/2013/rha/nadolig
697247,/wales/about-fsa-wales/cymru/newyddiondatgan/newyddion/archifnewcym/2013/rha/nadolig2013
698629,/wales/about-fsa-wales/cymru/newyddiondatgan/newyddion/archifnewcym/2013/rha/twrci-diweddaraf
698507,/wales/about-fsa-wales/cymru/newyddiondatgan/newyddion/archifnewcym/2013/rha/twrcisevernside
693477,/wales/about-fsa-wales/cymru/newyddiondatgan/newyddion/archifnewcym/2013/tac/crucial-crew
695472,/wales/about-fsa-wales/cymru/newyddiondatgan/newyddion/archifnewcym/2013/tac/deddfcshb
695263,/wales/about-fsa-wales/cymru/newyddiondatgan/newyddion/archifnewcym/2013/tac/mrsa
693603,/wales/about-fsa-wales/cymru/newyddiondatgan/newyddion/archifnewcym/2013/tac/OxyElitePro2
693344,/wales/about-fsa-wales/cymru/newyddiondatgan/newyddion/archifnewcym/2013/tac/seminar-rheolaethau-swyddogol
715821,/wales/about-fsa-wales/cymru/newyddiondatgan/newyddion/archifnewcym/2014/05Mai/cyfarfod-pysgodcregyn
713395,/wales/about-fsa-wales/cymru/newyddiondatgan/newyddion/archifnewcym/2014/05Mai/glitter
712698,/wales/about-fsa-wales/cymru/newyddiondatgan/newyddion/archifnewcym/2014/05Mai/gweithdyalergenaumai
712314,/wales/about-fsa-wales/cymru/newyddiondatgan/newyddion/archifnewcym/2014/05Mai/penodiadau2014
714376,/wales/about-fsa-wales/cymru/newyddiondatgan/newyddion/archifnewcym/2014/05Mai/wfac-5mehefin14
704045,/wales/about-fsa-wales/cymru/newyddiondatgan/newyddion/archifnewcym/2014/chw/gweithdy-alergenau
702183,/wales/about-fsa-wales/cymru/newyddiondatgan/newyddion/archifnewcym/2014/chw/lliwiau-mewn-bwyd
705596,/wales/about-fsa-wales/cymru/newyddiondatgan/newyddion/archifnewcym/2014/chw/trefniadau-archwilio
703711,/wales/about-fsa-wales/cymru/newyddiondatgan/newyddion/archifnewcym/2014/chw/wfacchwef14
709657,/wales/about-fsa-wales/cymru/newyddiondatgan/newyddion/archifnewcym/2014/ebr/alergedd
710793,/wales/about-fsa-wales/cymru/newyddiondatgan/newyddion/archifnewcym/2014/ebr/cig-oen
709221,/wales/about-fsa-wales/cymru/newyddiondatgan/newyddion/archifnewcym/2014/ebr/diweddariad-cynhyrchion-gorfywiogrwydd
709476,/wales/about-fsa-wales/cymru/newyddiondatgan/newyddion/archifnewcym/2014/ebr/mwy-dan-gwmpas-CSHB
710589,/wales/about-fsa-wales/cymru/newyddiondatgan/newyddion/archifnewcym/2014/ebr/profion-cig-ceffyl
700059,/wales/about-fsa-wales/cymru/newyddiondatgan/newyddion/archifnewcym/2014/ion/ailbenodi-wfac
700184,/wales/about-fsa-wales/cymru/newyddiondatgan/newyddion/archifnewcym/2014/ion/cynhyrchionhebliwiau
701426,/wales/about-fsa-wales/cymru/newyddiondatgan/newyddion/archifnewcym/2014/ion/hwyluso'rbrosesapelioifusnesau
701109,/wales/about-fsa-wales/cymru/newyddiondatgan/newyddion/archifnewcym/2014/ion/melysionjelicwpanaubach
701562,/wales/about-fsa-wales/cymru/newyddiondatgan/newyddion/archifnewcym/2014/ion/trydyddadroddiad
699401,/wales/about-fsa-wales/cymru/newyddiondatgan/newyddion/archifnewcym/2014/ion/wfacion14
700366,/wales/about-fsa-wales/cymru/newyddiondatgan/newyddion/archifnewcym/2014/ion/ymestynpenodiad
701650,/wales/about-fsa-wales/cymru/newyddiondatgan/newyddion/archifnewcym/2014/ion/ymgynghoriadllaethamrwd
707910,/wales/about-fsa-wales/cymru/newyddiondatgan/newyddion/archifnewcym/2014/maw/arolygiadau-moch
706905,/wales/about-fsa-wales/cymru/newyddiondatgan/newyddion/archifnewcym/2014/maw/digwyddiad-llaeth-amrwd
708200,/wales/about-fsa-wales/cymru/newyddiondatgan/newyddion/archifnewcym/2014/maw/llaeth-gafr
705843,/wales/about-fsa-wales/cymru/newyddiondatgan/newyddion/archifnewcym/2014/maw/lliwiau-bwyd
716407,/wales/about-fsa-wales/cymru/newyddiondatgan/newyddion/archifnewcym/2014/Newyddionmehefin/fswlansiad2014
716800,/wales/about-fsa-wales/cymru/newyddiondatgan/newyddion/archifnewcym/2014/Newyddionmehefin/parents
625150,/wales/about-fsa-wales/cymru/newyddiondatgan/newyddion/datganiadau/2011/chwef/hawsadnabodhylendid
625142,/wales/about-fsa-wales/cymru/newyddiondatgan/newyddion/datganiadau/2011/ion/adroddiadabertawe
625138,/wales/about-fsa-wales/cymru/newyddiondatgan/newyddion/datganiadau/2011/ion/adroddiadtorfaen
625162,/wales/about-fsa-wales/cymru/newyddiondatgan/newyddion/datganiadau/2011/maw/adroddiadblaenaugwent
625098,/wales/about-fsa-wales/cymru/newyddiondatgan/newyddion/datganiadau/2011/rha/ymchwilcshb
625094,/wales/about-fsa-wales/cymru/newyddiondatgan/newyddion/datganiadau/2011/tac/prllysiau
625218,/wales/about-fsa-wales/cymru/newyddiondatgan/newyddion/datganiadau/2012/chw/datganiadbromorgannwg
625206,/wales/about-fsa-wales/cymru/newyddiondatgan/newyddion/datganiadau/2012/chw/datganiadtorfaen
616495,/wales/news-updates/news/2012/apr/cardiff-food-safety-squad
648494,/wales/news-updates/news/2012/dec/fir-consulation-wales
646838,/wales/news-updates/news/2012/dec/wfac-dec
601267,/wales/news-updates/news/2012/feb/fhrsadcam
619693,/wales/news-updates/news/2012/jul/wgstatement
642462,/wales/news-updates/news/2012/oct/stakeholder-meet-fir
641614,/wales/news-updates/news/2012/oct/wfac-agenda
630682,/wales/news-updates/news/2012/wales-news-august/wfac-agenda
666032,/wales/news-updates/news/2013/apr/new-wfac-members
663516,/wales/news-updates/news/2013/apr/wfac-invite
682149,/wales/news-updates/news/2013/aug/wfac-meet-5sep13
698408,/wales/news-updates/news/2013/dec/labelling
653608,/wales/news-updates/news/2013/feb/gmfree
655136,/wales/news-updates/news/2013/feb/wfac-feb
650126,/wales/news-updates/news/2013/jan/wfac-jan
679754,/wales/news-updates/news/2013/jul/carrier-bags
675076,/wales/news-updates/news/2013/jun/cancelled-meeting
659015,/wales/news-updates/news/2013/mar/royal-assent-ratings
670185,/wales/news-updates/news/2013/may/wfac-meeting-may13
693401,/wales/news-updates/news/2013/nov/crucial-crew
693208,/wales/news-updates/news/2013/nov/seminar
693073,/wales/news-updates/news/2013/oct/allergen-workshop-wales
709439,/wales/news-updates/news/2014/apr/fhrs-scope
704106,/wales/news-updates/news/2014/feb/food-allergen-workshop
703691,/wales/news-updates/news/2014/feb/wfac-meet-27feb14
701224,/wales/news-updates/news/2014/jan/tender-primary-schools-wales
699386,/wales/news-updates/news/2014/jan/wfac-meeting
700056,/wales/news-updates/news/2014/jan/wfac-reappointments
716190,/wales/news-updates/news/2014/jun/fsw
716747,/wales/news-updates/news/2014/jun/parents
715655,/wales/news-updates/news/2014/jun/shellfish-meeting
712603,/wales/news-updates/news/2014/may/allergen-workshop
714360,/wales/news-updates/news/2014/may/wfac-meeting-jun14