103070,"/science/research/foodborneillness/meathygieneresearch/m01prog/","ResearchProgramme"
100084,"/science/research/foodborneillness/microriskresearch/b13programme/","ResearchProgramme"
100094,"/science/research/foodborneillness/foodbornediseaseresearch/b14programme/","ResearchProgramme"
100105,"/science/research/foodborneillness/eggsresearch/b15programme/","ResearchProgramme"
100143,"/science/research/foodborneillness/shellfishresearch/b16programme/","ResearchProgramme"
100145,"/science/research/foodborneillness/organicwasteresearch/b17programme/","ResearchProgramme"
99603,"/science/research/foodcomponentsresearch/riskassessment/t01programme/","ResearchProgramme"
100847,"/science/research/foodcomponentsresearch/phytoestrogensresearch/t05-t06programme/","ResearchProgramme"
96212,"/science/research/foodborneillness/microriskresearch/b12programme/","ResearchProgramme"
114479,"/science/research/foodcomponentsresearch/mixturesresearch/t10prog/","ResearchProgramme"
462993,"/science/research/foodborneillness/microriskresearch/p01programme/","ResearchProgramme"
552204,"/science/research/supportingresearch/strategicevidenceprogramme/strategicevidenceprogramme/","ResearchProgramme"