614809,/science/research/allergy-research/allergy-exposure/
614818,/science/research/allergy-research/allergy-guidance/
614812,/science/research/allergy-research/allergy-immunology/
614815,/science/research/allergy-research/allergy-labelling/
614798,/science/research/allergy-research/allergy-prevalence/
614806,/science/research/allergy-research/allergy-thresholds/
621676,/science/research/allergy-research/more-allergy-research/
422328,/science/research/allergy-research/more-allergy-research/t07review2008/
634148,/science/research/bseresearch/diag-tse/
634191,/science/research/bseresearch/enf-tse/
634162,/science/research/bseresearch/path-tse/
634174,/science/research/bseresearch/trans-tse/
635128,/science/research/chemical-safety-research/additives-research/additive-safety/
635124,/science/research/chemical-safety-research/additives-research/additives-general/
635081,/science/research/chemical-safety-research/additives-research/method-additives/
630990,/science/research/chemical-safety-research/agri-research/
631126,/science/research/chemical-safety-research/env-cont/inorg-cont/
631096,/science/research/chemical-safety-research/env-cont/organic-cont/
631147,/science/research/chemical-safety-research/fcm-research/
630974,/science/research/chemical-safety-research/pc-research/
630844,/science/research/choiceandstandardsresearch/enf-research/
528147,/science/research/choiceandstandardsresearch/foodchain/
528272,/science/research/choiceandstandardsresearch/foodchain/chicken/
528281,/science/research/choiceandstandardsresearch/foodchain/method/
528174,/science/research/choiceandstandardsresearch/foodchain/summary/
634513,/science/research/choiceandstandardsresearch/ocr-research/
193695,/science/research/devolvedadmins/scotlandresearch/
517785,/science/research/foodborneillness/adhoc/
193637,/science/research/foodborneillness/ecoliresearch/
193647,/science/research/foodborneillness/eggsresearch/
193643,/science/research/foodborneillness/foodbornediseaseresearch/
510131,/science/research/foodborneillness/foodbornediseaseresearch/b14review/
193634,/science/research/foodborneillness/meathygieneresearch/
199114,/science/research/foodborneillness/microfunders/
55667,/science/research/foodborneillness/microfunders/msffg/
439538,/science/research/foodborneillness/microfunders/msffg/campylobacterupdate/
193640,/science/research/foodborneillness/microriskresearch/
438478,/science/research/foodborneillness/microriskresearch/b12progreview/
193653,/science/research/foodborneillness/organicwasteresearch/
309191,/science/research/foodborneillness/organicwasteresearch/b17progreview/
193650,/science/research/foodborneillness/shellfishresearch/
192896,/science/research/foodcomponentsresearch/mixturesresearch/
192863,/science/research/foodcomponentsresearch/phytoestrogensresearch/
192889,/science/research/foodcomponentsresearch/riskassessment/
692143,/science/research/foodcomponentsresearch/riskassessment/revriskassessto1/
241239,/science/research/foodcomponentsresearch/riskassessment/t01review/
422218,/science/research/foodcomponentsresearch/riskassessment/t01t05t09review/
633766,/science/research/gm-research/gm-consumer/
633747,/science/research/gm-research/gm-methods/
633606,/science/research/gm-research/gm-safety/
633760,/science/research/gm-research/nano-research/
174417,/science/research/radiologicalresearch/foodirradiation1/
393219,/science/research/radiologicalresearch/radioactivityinfood/
315360,/science/research/radiologicalresearch/radiosurv/
400115,/science/research/radiologicalresearch/radiosurv/chernobyl/
718480,/science/research/radiologicalresearch/radiosurv/radiological-habits-survey/
525279,/science/research/radiologicalresearch/radiosurv/rife/
640182,/science/research/radiologicalresearch/radiosurv/rife/radioactivity-report2011/
690938,/science/research/radiologicalresearch/radiosurv/rife/rife-2012/
525299,/science/research/radiologicalresearch/radiosurv/rife/rife08/
556147,/science/research/radiologicalresearch/radiosurv/rife/rife2009/
590972,/science/research/radiologicalresearch/radiosurv/rife/rife2010/
546256,/science/research/ssres/
544135,/science/research/ssres/crosscutss/
545161,/science/research/ssres/foodandyou/
544137,/science/research/ssres/foodsafetyss/
650174,/science/research/ssres/foodsafetyss/gm-labelling/
586034,/science/research/ssres/foodsafetyss/publicattitudesmeatcontrols/
686272,/science/research/ssres/publictrackingsurvey/
544289,/science/research/ssres/ssarchive/ssarchivecross/
512010,/science/research/ssres/ssarchive/ssarchivecross/synthesisofevidence/
544302,/science/research/ssres/ssarchive/ssarchivesafety/
683030,/science/research/supportingresearch/economic-research-analysis/
193679,/science/research/supportingresearch/methodsofanalysisresearch/
552202,/science/research/supportingresearch/strategicevidenceprogramme/
715236,/science/research/surveillance/
6261,/science/research/surveillance/food-surveys/
685708,/science/research/surveillance/food-surveys/fdsurvey_2013/
693835,/science/research/surveillance/food-surveys/fdsurvey_2013/acrylamide-and-furan-survey/
693547,/science/research/surveillance/food-surveys/fdsurvey_2013/aluminium-packaged-food/
702633,/science/research/surveillance/food-surveys/fdsurvey_2013/mycotoxins/
316199,/science/research/surveillance/food-surveys/fsis2000/
316172,/science/research/surveillance/food-surveys/fsis2001/
315419,/science/research/surveillance/food-surveys/fsis2002/
314774,/science/research/surveillance/food-surveys/fsis2003/
184489,/science/research/surveillance/food-surveys/fsis2004branch/
309506,/science/research/surveillance/food-surveys/fsis2005/
309077,/science/research/surveillance/food-surveys/fsisbranch2006/
380961,/science/research/surveillance/food-surveys/fsisbranch2007/
446804,/science/research/surveillance/food-surveys/fsisbranch2008/
488343,/science/research/surveillance/food-surveys/fsisbranch2009/
551397,/science/research/surveillance/food-surveys/fsisbranch2010/
562460,/science/research/surveillance/food-surveys/fsisbranch2011/
608804,/science/research/surveillance/food-surveys/fsisbranch2012/