522911,/science/research/allergy-research/allergy-guidance/alerganman,Document
553717,/science/research/allergy-research/allergy-guidance/allergeninfononprepackedfoods,Document
556965,/science/research/allergy-research/allergy-labelling/consumerunderstandlabellingterms,Document
534962,/science/research/allergy-research/allergy-labelling/glutenintol,Document
554482,/science/research/allergy-research/allergy-labelling/understandingfoodlabellingterms,Document
614035,/science/research/allergy-research/more-allergy-research/allergy-prog-review-2012,Document
538207,/science/research/allergy-research/more-allergy-research/jointresearchreport,Document
422812,/science/research/choiceandstandardsresearch/enf-research/foodhygienesurvey,Document
458369,/science/research/choiceandstandardsresearch/enf-research/fsmevaluation,Document
248625,/science/research/foodborneillness/eggsresearch/b15review,Document
301579,/science/research/foodborneillness/eggsresearch/campyseminarfeb05,Document
440483,/science/research/foodborneillness/meathygieneresearch/m01progreview,Document
19107,/science/research/foodborneillness/microfunders/campylobacter,Document
19077,/science/research/foodborneillness/microfunders/intestinal,Document
261527,/science/research/foodborneillness/microfunders/listeria,Document
350704,/science/research/foodborneillness/microfunders/mffsgbrucellareport,Document
353865,/science/research/foodborneillness/microfunders/mffsgfarmabatoirreport,Document
306761,/science/research/foodborneillness/microfunders/msffg/306761,Document
55669,/science/research/foodborneillness/microfunders/msffg/55669,Document
386698,/science/research/foodborneillness/microfunders/msffg/clostridium,Document
304848,/science/research/foodborneillness/microfunders/msffg/msffgfbv2005,Document
494949,/science/research/foodborneillness/microfunders/msffg/msffgjan09,Document
390693,/science/research/foodborneillness/microfunders/msffg/msffgmicrobialantiresist,Document
556887,/science/research/foodborneillness/microfunders/msffg/msffgreportenterovirulentecoli,Document
494964,/science/research/foodborneillness/microfunders/msffg/msffgriskassessmentreport,Document
573489,/science/research/foodborneillness/microfunders/msffg/msffgsalmonella11,Document
337958,/science/research/foodborneillness/microfunders/msffgmapreport,Document
19098,/science/research/foodborneillness/microfunders/vtec,Document
261553,/science/research/foodborneillness/microfunders/yersinia,Document
159038,/science/research/foodborneillness/shellfishresearch/b16programme/shellfish_toxins,Document
532963,/science/research/foodborneillness/shellfishresearch/b16programmereview,Document
487608,/science/research/foodcomponentsresearch/mixturesresearch/t10prog/iehintro,Document
282824,/science/research/foodcomponentsresearch/mixturesresearch/t10workshop1,Document
400140,/science/research/radiologicalresearch/radiosurv/radiologicalreview,Document
660749,/science/research/radiologicalresearch/radiosurv/rife/radioactivity2012,Document
592673,/science/research/radiologicalresearch/radiosurv/rife/radsurv2011,Document
467159,/science/research/radiologicalresearch/radiosurv/rife/rife08/radsurv2008,Document
512204,/science/research/radiologicalresearch/radiosurv/rife/rife2009/radsurv2009,Document
561060,/science/research/radiologicalresearch/radiosurv/rife/rife2010/radsurv2010,Document
553985,/science/research/radiologicalresearch/radiosurv/rife/rife5yr,Document
676066,/science/research/ssres/boc-consumer-research,Document
598307,/science/research/ssres/crosscutss/cfearnedrecognition,Document
500019,/science/research/ssres/crosscutss/emerge,Document
589620,/science/research/ssres/crosscutss/evaluncertframework,Document
536522,/science/research/ssres/crosscutss/foodtechbsa08,Document
599072,/science/research/ssres/crosscutss/regculture,Document
555078,/science/research/ssres/crosscutss/ssculturereview,Document
549740,/science/research/ssres/crosscutss/sspartnership,Document
551868,/science/research/ssres/esrc,Document
662745,/science/research/ssres/foodandyou/foodandyou-2012,Document
567302,/science/research/ssres/foodandyou/foodyou10,Document
561368,/science/research/ssres/foodsafetyss/citforumcampy,Document
588854,/science/research/ssres/foodsafetyss/evalratings,Document
526655,/science/research/ssres/foodsafetyss/gmfoodpublicattitudes,Document
574096,/science/research/ssres/foodsafetyss/nano,Document
588799,/science/research/ssres/foodsafetyss/vegresearch,Document
700604,/science/research/ssres/paris-risk-group-agenda,Document
656972,/science/research/ssres/publictrackingsurvey/publictrackingsurveyNov2012,Document
678916,/science/research/ssres/publictrackingsurvey/tracker-may2013,Document
719587,/science/research/ssres/publictrackingsurvey/tracker-may2014,Document
515788,/science/research/ssres/ssarchive/ssarchivecross/stakeholders,Document
410269,/science/research/ssres/ssarchive/ssarchivesafety/consumerresearch,Document
409633,/science/research/ssres/ssarchive/ssarchivesafety/consumerresearchscrapie,Document
452638,/science/research/ssres/ssarchive/ssarchivesafety/foodaddchild,Document
384696,/science/research/ssres/ssarchive/ssarchivesafety/infantformula,Document
507251,/science/research/ssres/ssarchive/ssarchivesafety/olderpeopleresearch,Document
565035,/science/research/ssres/ssframework,Document
450370,/science/research/supportingresearch/methodsofanalysisresearch/aoachplc,Document
685716,/science/research/surveillance/food-surveys/fdsurvey_2013/cadmium_crabs_fsis913,Document
19858,/science/research/surveillance/food-surveys/fsis2000/01tuna,Document
21636,/science/research/surveillance/food-surveys/fsis2000/10mbt,Document
19833,/science/research/surveillance/food-surveys/fsis2000/2whisky,Document
19815,/science/research/surveillance/food-surveys/fsis2000/3colour,Document
19790,/science/research/surveillance/food-surveys/fsis2000/4diox,Document
19756,/science/research/surveillance/food-surveys/fsis2000/5tds,Document
19743,/science/research/surveillance/food-surveys/fsis2000/6benzo,Document
19737,/science/research/surveillance/food-surveys/fsis2000/7phthal,Document
19730,/science/research/surveillance/food-surveys/fsis2000/8chick,Document
19691,/science/research/surveillance/food-surveys/fsis2000/9badge,Document
39353,/science/research/surveillance/food-surveys/fsis2001/19bread1,Document
40633,/science/research/surveillance/food-surveys/fsis2001/20chick,Document
21656,/science/research/surveillance/food-surveys/fsis2001/3-mcpding,Document
21738,/science/research/surveillance/food-surveys/fsis2001/3-mcpdsel,Document
21391,/science/research/surveillance/food-surveys/fsis2001/bisphenols,Document
20231,/science/research/surveillance/food-surveys/fsis2001/milk-myco,Document
20545,/science/research/surveillance/food-surveys/fsis2001/nitrate-lettuce,Document
34185,/science/research/surveillance/food-surveys/fsis2001/radsurvcardiff,Document
44678,/science/research/surveillance/food-surveys/fsis2002/21nuts,Document
56107,/science/research/surveillance/food-surveys/fsis2002/22rice,Document
57547,/science/research/surveillance/food-surveys/fsis2002/23sweets,Document
62855,/science/research/surveillance/food-surveys/fsis2002/24maize,Document
68270,/science/research/surveillance/food-surveys/fsis2002/25irradi,Document
70277,/science/research/surveillance/food-surveys/fsis2002/26diox,Document
82284,/science/research/surveillance/food-surveys/fsis2002/27acryl,Document
101784,/science/research/surveillance/food-surveys/fsis2002/31pah,Document
102371,/science/research/surveillance/food-surveys/fsis2002/32cran,Document
85481,/science/research/surveillance/food-surveys/fsis2002/FSISbadmineralsbottlewater,Document
85456,/science/research/surveillance/food-surveys/fsis2002/tinincannedfruitandveg,Document
101414,/science/research/surveillance/food-surveys/fsis2002/waterinrawscallops,Document
104896,/science/research/surveillance/food-surveys/fsis2003/33juice,Document
106708,/science/research/surveillance/food-surveys/fsis2003/34fcm,Document
113087,/science/research/surveillance/food-surveys/fsis2003/35cereal,Document
119128,/science/research/surveillance/food-surveys/fsis2003/fsis-200336softdrink,Document
128885,/science/research/surveillance/food-surveys/fsis2003/fsis382003,Document
128858,/science/research/surveillance/food-surveys/fsis2003/fsis392003,Document
130177,/science/research/surveillance/food-surveys/fsis2003/fsis402003,Document
137876,/science/research/surveillance/food-surveys/fsis2003/fsis422003,Document
143329,/science/research/surveillance/food-surveys/fsis2003/fsis4303,Document
145012,/science/research/surveillance/food-surveys/fsis2003/fsis443,Document
156648,/science/research/surveillance/food-surveys/fsis2003/fsis4503,Document
157118,/science/research/surveillance/food-surveys/fsis2003/fsis4603,Document
121987,/science/research/surveillance/food-surveys/fsis2003/fsiscoloursinsoftdrinks,Document
135665,/science/research/surveillance/food-surveys/fsis2003/sausagesurveyfsis4103,Document
188598,/science/research/surveillance/food-surveys/fsis2004branch/4904fsisinfantformula,Document
184494,/science/research/surveillance/food-surveys/fsis2004branch/fsis4704basmati,Document
191768,/science/research/surveillance/food-surveys/fsis2004branch/fsis4804metals,Document
189713,/science/research/surveillance/food-surveys/fsis2004branch/fsis5004eggs,Document
192230,/science/research/surveillance/food-surveys/fsis2004branch/fsis5104arsenic,Document
200662,/science/research/surveillance/food-surveys/fsis2004branch/fsis5204,Document
203998,/science/research/surveillance/food-surveys/fsis2004branch/fsis5304,Document
205932,/science/research/surveillance/food-surveys/fsis2004branch/fsis5404so2,Document
206751,/science/research/surveillance/food-surveys/fsis2004branch/fsis5504,Document
207588,/science/research/surveillance/food-surveys/fsis2004branch/fsis5604,Document
210857,/science/research/surveillance/food-surveys/fsis2004branch/fsis5704,Document
210887,/science/research/surveillance/food-surveys/fsis2004branch/fsis5804,Document
210995,/science/research/surveillance/food-surveys/fsis2004branch/fsis6004,Document
212851,/science/research/surveillance/food-surveys/fsis2004branch/fsis6104,Document
222017,/science/research/surveillance/food-surveys/fsis2004branch/fsis6304,Document
223009,/science/research/surveillance/food-surveys/fsis2004branch/fsis6404,Document
223014,/science/research/surveillance/food-surveys/fsis2004branch/fsis6504,Document
227427,/science/research/surveillance/food-surveys/fsis2004branch/fsis6604,Document
229797,/science/research/surveillance/food-surveys/fsis2004branch/fsis6704,Document
243544,/science/research/surveillance/food-surveys/fsis2004branch/fsis6804,Document
245988,/science/research/surveillance/food-surveys/fsis2004branch/fsis6904,Document
220762,/science/research/surveillance/food-surveys/fsis2004branch/fsiserucicacid,Document
305785,/science/research/surveillance/food-surveys/fsis2005/fsis,Document
247898,/science/research/surveillance/food-surveys/fsis2005/fsis7005,Document
248354,/science/research/surveillance/food-surveys/fsis2005/fsis7105,Document
248883,/science/research/surveillance/food-surveys/fsis2005/fsis7204,Document
257163,/science/research/surveillance/food-surveys/fsis2005/fsis7305,Document
292865,/science/research/surveillance/food-surveys/fsis2005/fsis7404,Document
293608,/science/research/surveillance/food-surveys/fsis2005/fsis7505,Document
295833,/science/research/surveillance/food-surveys/fsis2005/fsis7605,Document
296873,/science/research/surveillance/food-surveys/fsis2005/fsis7705,Document
297052,/science/research/surveillance/food-surveys/fsis2005/fsis7805,Document
297363,/science/research/surveillance/food-surveys/fsis2005/fsis7905,Document
297365,/science/research/surveillance/food-surveys/fsis2005/fsis8005,Document
297367,/science/research/surveillance/food-surveys/fsis2005/fsis8105,Document
297369,/science/research/surveillance/food-surveys/fsis2005/fsis8205,Document
297371,/science/research/surveillance/food-surveys/fsis2005/fsis8304,Document
304102,/science/research/surveillance/food-surveys/fsis2005/fsis8405,Document
305795,/science/research/surveillance/food-surveys/fsis2005/fsis8605,Document
309088,/science/research/surveillance/food-surveys/fsisbranch2006/fsis0106,Document
309969,/science/research/surveillance/food-surveys/fsisbranch2006/fsis0206,Document
312792,/science/research/surveillance/food-surveys/fsisbranch2006/fsis0306,Document
312796,/science/research/surveillance/food-surveys/fsisbranch2006/fsis0406,Document
327237,/science/research/surveillance/food-surveys/fsisbranch2006/fsis0506,Document
327425,/science/research/surveillance/food-surveys/fsisbranch2006/fsis0606,Document
333496,/science/research/surveillance/food-surveys/fsisbranch2006/fsis0607dioxin,Document
333499,/science/research/surveillance/food-surveys/fsisbranch2006/fsis0806metal,Document
335866,/science/research/surveillance/food-surveys/fsisbranch2006/fsis0906,Document
340279,/science/research/surveillance/food-surveys/fsisbranch2006/fsis1006,Document
340282,/science/research/surveillance/food-surveys/fsisbranch2006/fsis1106,Document
341573,/science/research/surveillance/food-surveys/fsisbranch2006/fsis1206,Document
344402,/science/research/surveillance/food-surveys/fsisbranch2006/fsis1306,Document
345396,/science/research/surveillance/food-surveys/fsisbranch2006/fsis1406,Document
345402,/science/research/surveillance/food-surveys/fsisbranch2006/fsis1506,Document
345411,/science/research/surveillance/food-surveys/fsisbranch2006/fsis1606,Document
358240,/science/research/surveillance/food-surveys/fsisbranch2006/fsis1706,Document
370632,/science/research/surveillance/food-surveys/fsisbranch2006/fsis1806,Document
370918,/science/research/surveillance/food-surveys/fsisbranch2006/fsis1906,Document
418936,/science/research/surveillance/food-surveys/fsisbranch2007/eggsurvey,Document
399274,/science/research/surveillance/food-surveys/fsisbranch2007/farmwildfish,Document
380964,/science/research/surveillance/food-surveys/fsisbranch2007/fsis0107,Document
399804,/science/research/surveillance/food-surveys/fsisbranch2007/fsis0307,Document
404408,/science/research/surveillance/food-surveys/fsisbranch2007/fsis0407,Document
425372,/science/research/surveillance/food-surveys/fsisbranch2007/fsis0607,Document
470660,/science/research/surveillance/food-surveys/fsisbranch2008/chemicalmigration,Document
446807,/science/research/surveillance/food-surveys/fsisbranch2008/fsis0108,Document
461967,/science/research/surveillance/food-surveys/fsisbranch2008/fsis0208,Document
472185,/science/research/surveillance/food-surveys/fsisbranch2008/fsis0308,Document
472852,/science/research/surveillance/food-surveys/fsisbranch2008/fsis0508,Document
481809,/science/research/surveillance/food-surveys/fsisbranch2008/fsis0608,Document
483389,/science/research/surveillance/food-surveys/fsisbranch2008/fsis0708,Document
520010,/science/research/surveillance/food-surveys/fsisbranch2009/fsis0409,Document
521490,/science/research/surveillance/food-surveys/fsisbranch2009/fsis0509,Document
491295,/science/research/surveillance/food-surveys/fsisbranch2009/survey0109,Document
503024,/science/research/surveillance/food-surveys/fsisbranch2009/survey0209,Document
510318,/science/research/surveillance/food-surveys/fsisbranch2009/survey0309,Document
551399,/science/research/surveillance/food-surveys/fsisbranch2010/fsis0110,Document
554133,/science/research/surveillance/food-surveys/fsisbranch2010/fsis0210,Document
555524,/science/research/surveillance/food-surveys/fsisbranch2010/fsis0310,Document
559691,/science/research/surveillance/food-surveys/fsisbranch2010/mycotoxins,Document
574408,/science/research/surveillance/food-surveys/fsisbranch2011/listeria,Document
595479,/science/research/surveillance/food-surveys/fsisbranch2011/minoils,Document
593603,/science/research/surveillance/food-surveys/fsisbranch2011/mycotoxins,Document
609368,/science/research/surveillance/food-surveys/fsisbranch2012/acrylamide-furan-food-survey,Document
610230,/science/research/surveillance/food-surveys/fsisbranch2012/arsenic,Document
608806,/science/research/surveillance/food-surveys/fsisbranch2012/polycyclic-hydrocarbons,Document
144055,/science/research/surveillance/guidefsatechsurv,Document
19075,/science/research/surveillance/prcstatement,Document
718036,/wales/about-fsa-wales/cymru/amdanomni/wfaccy/cyfarfodydd/wfac2014c/wfac-5meh14,Document
718057,/enforcement/auditandmonitoring/auditreports/audengreport/audits2014/trafford/trafford-imported-food-controls,Document
718203,/about-us/how-we-work/workingwithothers/consumer-advisory-panel/capmins-41213,Document
718302,/wales/about-fsa-wales/advisorycommitteewales/acwmeet/wfac2014/wfacjuly2014,Document
718315,/wales/about-fsa-wales/cymru/amdanomni/wfaccy/cyfarfodydd/wfac2014c/wfac-17gorff14,Document
718326,/wales/safetyhygienewales/shellmonitorwalesbranch/shellstakeholderwales/shellstakeholder140626,Document
718803,/business-industry/industrycommittees/cfmc/meatcontrolsmeetings/cfmcmeetings/250614/cfmc-agenda-25jun14,Document
718686,/multimedia/webpage/atest,Document
718803,/wales/about-fsa-wales/cymru/gorfodi/monitro/pysgod-cregyn-cymru/pysgodcregyncymru/cynhadleddpysgodcregyn,Document
718870,/enforcement/auditandmonitoring/auditreports/audengreport/audits2014/christchurch/christchurch-imported-food,Document
719103,/about-us/how-we-work/our-board/board-meetings/boardmeetings2014/230714/board-agenda-230714,Document
719237,/enforcement/auditandmonitoring/auditreports/auditwales/auditwales2013/denbigshireaudit2013/denbighshirefullaudit2013,Document
719587,/science/research/ssres/publictrackingsurvey/tracker-may2014,Document
720197,/multimedia/webpage/testauto,Document
720970,/multimedia/webpage/newtest,Document
718051,/enforcement/auditandmonitoring/auditreports/audengreport/audits2014/trafford/,GenericBranch
718324,/wales/safetyhygienewales/shellmonitorwalesbranch/shellstakeholderwales/,GenericBranch
718395,/news-updates/help-shape-our-policies/revised-ecoli-guidance-review/,GenericBranch
718480,/science/research/radiologicalresearch/radiosurv/radiological-habits-survey/,GenericBranch
718490,/business-industry/industrycommittees/cfmc/meatcontrolsmeetings/cfmcmeetings/250614/,GenericBranch
718737,/wales/about-fsa-wales/cymru/newyddiondatgan/newyddion/archifnewcym/2014/07gorffennaf/,GenericBranch
718797,/wales/about-fsa-wales/cymru/gorfodi/monitro/pysgod-cregyn-cymru/pysgodcregyncymru/,GenericBranch
718868,/enforcement/auditandmonitoring/auditreports/audengreport/audits2014/christchurch/,GenericBranch
719063,/enforcement/regulation/betregs/newregstatement/jul-dec-2014/,GenericBranch
719280,/enforcement/enforcetrainfund/enforcertraining/courses-booked-individual-food-feed-law-authorised-officers/verification-coccidiostats/,GenericBranch
719807,/enforcement/enforcetrainfund/enforcertraining/courses-booked-individual-food-feed-law-authorised-officers/farm-pasteurisation-plants/,GenericBranch
719827,/enforcement/enforcetrainfund/enforcertraining/courses-booked-individual-food-feed-law-authorised-officers/feed-law-cop-course/,GenericBranch
719835,/enforcement/enforcetrainfund/enforcertraining/courses-booked-individual-food-feed-law-authorised-officers/haccp-fsm-course/,GenericBranch
719939,/wales/about-fsa-wales/cymru/diwydiant/ffermio/anifeiliaid-hela-gwyllt/,GenericBranch
720383,/about-us/data-and-policies/foia/foirelease/foiaeir2014/fsa-industry-summit/,GenericBranch
720817,/about-us/about-the-fsa/strategicplan/,GenericBranch
720887,/about-us/publications/busreps/miscbusrep/,GenericBranch
720901,/business-industry/industrypublications/foodbornedisease/,GenericBranch
720913,/business-industry/industrypublications/,GenericBranch
720926,/business-industry/winestandards/winestandardsresources/,GenericBranch
721002,/business-industry/industrypublications/safety-hygiene-publications/,GenericBranch
721008,/business-industry/industrypublications/schoolinitiatives/,GenericBranch
721017,/business-industry/industrypublications/labelling-publications/,GenericBranch
704678,/enforcement/enforcetrainfund/enforcertraining/courses-booked-individual-food-feed-law-authorised-officers/,GenericBranch
703904,/enforcement/enforcetrainfund/enforcertraining/courses-booked-individual-food-feed-law-authorised-officers/allergen-labelling-info-training-workshop/,GenericBranch
704173,/enforcement/enforcetrainfund/enforcertraining/courses-booked-individual-food-feed-law-authorised-officers/animal-feed-overview/,GenericBranch
703936,/enforcement/enforcetrainfund/enforcertraining/courses-booked-individual-food-feed-law-authorised-officers/application-good-hygiene-practice/,GenericBranch
703873,/enforcement/enforcetrainfund/enforcertraining/courses-booked-individual-food-feed-law-authorised-officers/enforcement-sanctions/,GenericBranch
719807,/enforcement/enforcetrainfund/enforcertraining/courses-booked-individual-food-feed-law-authorised-officers/farm-pasteurisation-plants/,GenericBranch
719827,/enforcement/enforcetrainfund/enforcertraining/courses-booked-individual-food-feed-law-authorised-officers/feed-law-cop-course/,GenericBranch
704003,/enforcement/enforcetrainfund/enforcertraining/courses-booked-individual-food-feed-law-authorised-officers/feed-primary-production-annexes/,GenericBranch
704132,/enforcement/enforcetrainfund/enforcertraining/courses-booked-individual-food-feed-law-authorised-officers/Feed-safety-management-feed-compounders/,GenericBranch
704128,/enforcement/enforcetrainfund/enforcertraining/courses-booked-individual-food-feed-law-authorised-officers/Feed-safety-management-systems-food-businesses/,GenericBranch
704075,/enforcement/enforcetrainfund/enforcertraining/courses-booked-individual-food-feed-law-authorised-officers/Food-information-consumer-regulation/,GenericBranch
704055,/enforcement/enforcetrainfund/enforcertraining/courses-booked-individual-food-feed-law-authorised-officers/Food-standards-update-individuals/,GenericBranch
719835,/enforcement/enforcetrainfund/enforcertraining/courses-booked-individual-food-feed-law-authorised-officers/haccp-fsm-course/,GenericBranch
704250,/enforcement/enforcetrainfund/enforcertraining/courses-booked-individual-food-feed-law-authorised-officers/import-conditions-polyamide-melamine/,GenericBranch
704222,/enforcement/enforcetrainfund/enforcertraining/courses-booked-individual-food-feed-law-authorised-officers/imported-food-control-small-ports/,GenericBranch
704244,/enforcement/enforcetrainfund/enforcertraining/courses-booked-individual-food-feed-law-authorised-officers/imported-food-update-inland-enforcement-officers/,GenericBranch
704237,/enforcement/enforcetrainfund/enforcertraining/courses-booked-individual-food-feed-law-authorised-officers/imported-food-update-port-health-officers/,GenericBranch
703868,/enforcement/enforcetrainfund/enforcertraining/courses-booked-individual-food-feed-law-authorised-officers/Local-auth-investigation-skill/,GenericBranch
704168,/enforcement/enforcetrainfund/enforcertraining/courses-booked-individual-food-feed-law-authorised-officers/sampling-animal-feed/,GenericBranch
704178,/enforcement/enforcetrainfund/enforcertraining/courses-booked-individual-food-feed-law-authorised-officers/shellfish-hygiene-purification-centres/,GenericBranch
719280,/enforcement/enforcetrainfund/enforcertraining/courses-booked-individual-food-feed-law-authorised-officers/verification-coccidiostats/,GenericBranch
704230,/enforcement/enforcetrainfund/enforcertraining/courses-booked-individual-food-feed-law-authorised-officers/veterinary-checks-refresher/,GenericBranch
702932,/enforcement/enforcetrainfund/enforcertraining/courses-flg-cieh/,GenericBranch
703626,/enforcement/enforcetrainfund/enforcertraining/courses-flg-cieh/audit-food-safety-activities-processes/,GenericBranch
703681,/enforcement/enforcetrainfund/enforcertraining/courses-flg-cieh/consistency-scoring-annex5/,GenericBranch
703673,/enforcement/enforcetrainfund/enforcertraining/courses-flg-cieh/e.coliO157-control-cross-contamination-guide/,GenericBranch
704214,/enforcement/enforcetrainfund/enforcertraining/courses-flg-cieh/effective-imported-food-control/,GenericBranch
703238,/enforcement/enforcetrainfund/enforcertraining/courses-flg-cieh/food-factory-inspect/,GenericBranch
703131,/enforcement/enforcetrainfund/enforcertraining/courses-flg-cieh/food-stand-update/,GenericBranch
702936,/enforcement/enforcetrainfund/enforcertraining/courses-flg-cieh/haccp-assessment/,GenericBranch
703142,/enforcement/enforcetrainfund/enforcertraining/courses-flg-cieh/min-eth-food-bus/,GenericBranch
703706,/enforcement/enforcetrainfund/enforcertraining/courses-flg-cieh/sampling-imported-food-contaminants/,GenericBranch
703720,/enforcement/enforcetrainfund/enforcertraining/courses-flg-cieh/sous-vide-in-food-establishments/,GenericBranch
703197,/enforcement/enforcetrainfund/enforcertraining/courses-flg-cieh/vac-pac-course/,GenericBranch
703858,/enforcement/enforcetrainfund/enforcertraining/evidence-gathering-interview-skills/,GenericBranch
704159,/enforcement/enforcetrainfund/enforcertraining/Import-control-feed-non-animal-origin/,GenericBranch
