694547,/business-industry/caterers/hygieneratings/fhrsguideforbusiness/,TreeBranch,eng
659521,/business-industry/farmingfood/cleaner-animals/cleaner-cattle-sheep/,TreeBranch,eng
705654,/enforcement/enforcework/enforce_authorities/resourcepack/,TreeBranch,
666802,/enforcement/enforcework/food-law/code-sampling/61/,TreeBranch,
657032,/enforcement/enforcework/food-law/food-law-administration/food-law-1-3/,TreeBranch,
657037,/enforcement/enforcework/food-law/food-law-administration/food-law-1-4/,TreeBranch,
657041,/enforcement/enforcework/food-law/food-law-administration/food-law-1-5/,TreeBranch,
657076,/enforcement/enforcework/food-law/food-law-administration/food-law-1-6/,TreeBranch,
657081,/enforcement/enforcework/food-law/food-law-administration/food-law-1-7/,TreeBranch,
656523,/enforcement/enforcework/food-law/food-law-administration/food-law-inter-authority-matters/,TreeBranch,
656624,/enforcement/enforcework/food-law/food-law-administration/food-law-qualifications/,TreeBranch,
666765,/enforcement/enforcework/food-law/food-law-product-spec-est/5.2/,TreeBranch,
666765,/enforcement/enforcework/food-law/food-law-product-spec-est/5.2/,TreeBranch,
666771,/enforcement/enforcework/food-law/food-law-product-spec-est/53/,TreeBranch,
666794,/enforcement/enforcework/food-law/food-law-product-spec-est/54/,TreeBranch,
658221,/enforcement/enforcework/food-law/food-law-product-spec-est/food-law-prod-spec-est-approval/,TreeBranch,
657180,/enforcement/enforcework/food-law/food-law-section-2/food-law-21/,TreeBranch,
657183,/enforcement/enforcework/food-law/food-law-section-2/food-law-22/,TreeBranch,
657187,/enforcement/enforcework/food-law/food-law-section-2/food-law-23/,TreeBranch,
657193,/enforcement/enforcework/food-law/food-law-section-2/food-law-24/,TreeBranch,
657202,/enforcement/enforcework/food-law/food-law-section-2/food-law-25/,TreeBranch,
657303,/enforcement/enforcework/food-law/food-law-section-3/food-law-31/,TreeBranch,
657312,/enforcement/enforcework/food-law/food-law-section-3/food-law-32/,TreeBranch,
657340,/enforcement/enforcework/food-law/food-law-section-3/food-law-33/,TreeBranch,
657965,/enforcement/enforcework/food-law/food-law-section-3/food-law-35/,TreeBranch,
657969,/enforcement/enforcework/food-law/food-law-section-3/food-law-36/,TreeBranch,
657976,/enforcement/enforcework/food-law/food-law-section-3/food-law-37/,TreeBranch,
657979,/enforcement/enforcework/food-law/food-law-section-3/food-law-food-safety/,TreeBranch,
657961,/enforcement/enforcework/food-law/food-law-section-3/food-law-seizure-detention/,TreeBranch,
658197,/enforcement/enforcework/food-law/food-law-section-four/food-law-action-intervention/,TreeBranch,
658009,/enforcement/enforcework/food-law/food-law-section-four/food-law-inspections/,TreeBranch,
658022,/enforcement/enforcework/food-law/food-law-section-four/food-law-interventions-approved/,TreeBranch,
657985,/enforcement/enforcework/food-law/food-law-section-four/food-law-interventions/,TreeBranch,
658030,/enforcement/enforcework/food-law/food-law-section-four/food-law-ships-aircraft/,TreeBranch,
666820,/enforcement/enforcework/food-law/section7/71/,TreeBranch,
694419,/enforcement/enforcework/hygienescoresresources/hygieneratingtemplates/,TreeBranch,
679526,/enforcement/auditandmonitoring/auditdocs/,TreeBranch,