545278,/enforcement/auditandmonitoring/auditreports/audengreport/audits2010/auditarun/arunaudit,Document
545281,/enforcement/auditandmonitoring/auditreports/audengreport/audits2010/auditnewforest/newforestaudit,Document
545285,/enforcement/auditandmonitoring/auditreports/audengreport/audits2010/auditsouthnorthants/southnorthantsaudit,Document
545287,/enforcement/auditandmonitoring/auditreports/audengreport/audits2010/auditworthing/worthingaudit,Document
545289,/enforcement/auditandmonitoring/auditreports/audengreport/audits2010/auditwestminster/westminsteraudit,Document
545638,/enforcement/auditandmonitoring/auditreports/audengreport/audits2010/auditwychavon/wychvonaudit,Document
549188,/enforcement/auditandmonitoring/auditreports/audengreport/audits2010/auditwaveney/waveneyaudit,Document
549196,/enforcement/auditandmonitoring/auditreports/audengreport/audits2010/audittauntondeane/tauntondeaneaudit,Document
549208,/enforcement/auditandmonitoring/auditreports/audengreport/audits2010/auditmaidstone/maidstoneaudit,Document
549214,/enforcement/auditandmonitoring/auditreports/audengreport/audits2010/auditsouthnorfolk/southnorfolkaudit,Document
550524,/enforcement/auditandmonitoring/auditreports/audengreport/audits2010/audittamworth/tamworthaudit,Document
550529,/enforcement/auditandmonitoring/auditreports/audengreport/audits2010/auditrugby/rugbyaudit,Document
551177,/enforcement/auditandmonitoring/auditreports/audengreport/audits2010/auditeppingforest/eppingforestaudit,Document
551183,/enforcement/auditandmonitoring/auditreports/audengreport/audits2010/auditcamden/camdenaudit,Document
551190,/enforcement/auditandmonitoring/auditreports/audengreport/audits2010/auditrunnymede/runnymedeaudit,Document
551193,/enforcement/auditandmonitoring/auditreports/audengreport/audits2010/auditwestlindsey/westlindseyaudit,Document
553345,/enforcement/auditandmonitoring/auditreports/audengreport/audits2010/auditashfield/ashfieldaudit2010,Document
554251,/enforcement/auditandmonitoring/auditreports/audengreport/audits2010/auditrotherham/rotherhamaudit,Document
554635,/enforcement/auditandmonitoring/auditreports/audengreport/audits2010/audittestvalley/testvalleyaudit,Document
554644,/enforcement/auditandmonitoring/auditreports/audengreport/audits2010/auditwestberkshire/westberkshireaudit,Document
554647,/enforcement/auditandmonitoring/auditreports/audengreport/audits2010/auditwalsall/walsallaudit2010,Document
556356,/enforcement/auditandmonitoring/auditreports/audengreport/audits2010/auditbournemouth/bournemouthaudit,Document
556385,/enforcement/auditandmonitoring/auditreports/audengreport/audits2010/auditeastdorset/eastdorsetaudit2010,Document
556391,/enforcement/auditandmonitoring/auditreports/audengreport/audits2010/audithackney/hackneyaudit2010,Document
556403,/enforcement/auditandmonitoring/auditreports/audengreport/audits2010/auditsouthtyneside/southtynesideaudit2010,Document
556414,/enforcement/auditandmonitoring/auditreports/audengreport/audits2010/auditbrentwood/brentwoodaudit2010,Document
557628,/enforcement/auditandmonitoring/auditreports/auditscot/scotlandaudits2010/dundeeaudit2010,Document
557632,/enforcement/auditandmonitoring/auditreports/auditscot/scotlandaudits2010/westlothianaudit2010,Document
557782,/enforcement/auditandmonitoring/auditreports/audengreport/audits2010/auditliverpool/liverpoolaudit,Document
558791,/enforcement/auditandmonitoring/auditreports/auditscot/scotlandaudits2010/orkneyaudit2010,Document
558795,/enforcement/auditandmonitoring/auditreports/auditscot/scotlandaudits2010/perthkinrossaudit2010,Document
561038,/enforcement/auditandmonitoring/auditreports/auditscot/scotlandaudits2010/eastdunbartonshire2010,Document
562794,/enforcement/auditandmonitoring/auditreports/auditscot/scotlandaudits2010/westdunbartonshireaudit2010,Document
563108,/enforcement/auditandmonitoring/auditreports/audengreport/audits2010/auditthamesport/thamesportaudit,Document
563113,/enforcement/auditandmonitoring/auditreports/audengreport/audits2010/southampton/southamptonaudit,Document
564130,/enforcement/auditandmonitoring/auditreports/auditwales/auditwales2010/audittorfaen/torfaenaudit2010,Document
564798,/enforcement/auditandmonitoring/auditreports/auditwales/auditwales2010/auditswansea/swanseaaudit,Document
565638,/enforcement/auditandmonitoring/auditreports/auditscot/scotlandaudits2010/midlothianaudit2010,Document
565833,/enforcement/auditandmonitoring/auditreports/audengreport/audits2010/auditharringey/haringeyaudit2010,Document
565848,/enforcement/auditandmonitoring/auditreports/audengreport/audits2010/auditnewham/newhamaudit,Document
565850,/enforcement/auditandmonitoring/auditreports/audengreport/audits2010/auditrivertees/riverteesphaaudit,Document
565853,/enforcement/auditandmonitoring/auditreports/audengreport/audits2010/auditmiddlesborough/middlesboroughaudit,Document
565855,/enforcement/auditandmonitoring/auditreports/audengreport/audits2010/auditslough/sloughaudit,Document
565862,/enforcement/auditandmonitoring/auditreports/audengreport/audits2010/audittendring/tendringaudit,Document
568046,/enforcement/auditandmonitoring/auditreports/auditwales/auditwales2010/blaenaugwentaudit2010/blaenaugwentaudit,Document
568065,/enforcement/auditandmonitoring/auditreports/audengreport/audits2011/audituttlesford/uttlesfordaudit,Document
568829,/enforcement/auditandmonitoring/auditreports/audengreport/audits2010/auditportsmouth/portsmouthphaaudit2010,Document
568833,/enforcement/auditandmonitoring/auditreports/audengreport/audits2010/auditmanchester/manchesteraudit2010,Document
569045,/enforcement/auditandmonitoring/auditreports/auditscot/2011/clackmannanshireaudit2011,Document
569166,/enforcement/auditandmonitoring/auditreports/audengreport/audits2010/auditbristol/bristolaudit,Document
572054,/enforcement/auditandmonitoring/auditreports/audengreport/audits2010/auditbradford/bradfordaudit,Document
572775,/enforcement/auditandmonitoring/auditreports/audengreport/audits2011/auditnortheastlincolnshire/northeastlincolnshireaudit2011,Document
574114,/enforcement/auditandmonitoring/auditreports/audengreport/audits2010/auditleicester/leicesteraudit,Document
575662,/enforcement/auditandmonitoring/auditreports/auditwales/auditwales2011/auditnewport/newportaudit,Document
576269,/enforcement/auditandmonitoring/auditreports/auditscot/2011/glasgowaudit2011,Document
576271,/enforcement/auditandmonitoring/auditreports/auditscot/2011/aberdeenshireaudit2011,Document
580242,/enforcement/auditandmonitoring/auditreports/audengreport/audits2011/auditsunderland/sunderlandaudit,Document
580252,/enforcement/auditandmonitoring/auditreports/audengreport/audits2011/auditsefton/seftonaudit,Document
580443,/enforcement/auditandmonitoring/auditreports/auditscot/2011/morayaudit2011,Document
580837,/enforcement/auditandmonitoring/auditreports/audengreport/audits2011/auditlancashire/lancashireaudit2011,Document
582020,/enforcement/auditandmonitoring/auditreports/audengreport/audits2011/auditcheshirewestandchester/cheshirewestandchesteraudit,Document
583809,/enforcement/auditandmonitoring/auditreports/audengreport/audits2011/auditsuffolk/suffolkaudit,Document
583820,/enforcement/auditandmonitoring/auditreports/auditscot/2011/eastayrshireaudit2011,Document
590618,/enforcement/auditandmonitoring/auditreports/auditnireland/2011/ards2011/ardsaudit2011,Document
592750,/enforcement/auditandmonitoring/auditreports/audengreport/audits2011/eastridingaudit2011/eastridingaudit2011,Document
592752,/enforcement/auditandmonitoring/auditreports/audengreport/audits2011/kingstonuponhullaudit2011/kingstonuponhullaudit2011,Document
592755,/enforcement/auditandmonitoring/auditreports/audengreport/audits2011/tilburyaudit2011/tilburyaudit2011,Document
592758,/enforcement/auditandmonitoring/auditreports/audengreport/audits2011/southtynesideaudit2011/southtunesideaudit2011,Document
597330,/enforcement/auditandmonitoring/auditreports/audengreport/audits2011/auditcumbria/cumbriaaudit,Document
597342,/enforcement/auditandmonitoring/auditreports/audengreport/audits2011/auditsouthgloucestershire/southgloucestershireaudit,Document
597351,/enforcement/auditandmonitoring/auditreports/audengreport/audits2011/auditleicestershire/leicestershireaudit,Document
597383,/enforcement/auditandmonitoring/auditreports/audengreport/audits2011/auditnorthamptonshire/northamptonshireaudit,Document
597875,/enforcement/auditandmonitoring/auditreports/auditnireland/2011/auditlarne/larneaudit2011,Document
597882,/enforcement/auditandmonitoring/auditreports/auditnireland/2011/auditcookstown/cookstownaudit2011,Document
597959,/enforcement/auditandmonitoring/auditreports/audengreport/audits2011/audithertfordshire/hertfordshireaudit2011,Document
600183,/enforcement/auditandmonitoring/auditreports/audengreport/audits2011/auditnottinghamshire/nottinghamshireaudit,Document
600189,/enforcement/auditandmonitoring/auditreports/audengreport/audits2011/auditwestyorks/westyorkshireaudit,Document
602262,/enforcement/auditandmonitoring/auditreports/audengreport/audits2011/auditlincolnshire/lincolnshireaudit,Document
602715,/enforcement/auditandmonitoring/auditreports/auditwales/auditwales2011/audittorfaen/torfaenaudit,Document
602720,/enforcement/auditandmonitoring/auditreports/auditwales/auditwales2011/auditvaleofglamorgan/valeofglamorganaudit,Document
602742,/enforcement/auditandmonitoring/auditreports/auditwales/auditwales2011/wrexhamaudit2011/wrexhamaudit2011,Document
602813,/enforcement/auditandmonitoring/auditreports/auditscot/2011/angusaudit2011,Document
602817,/enforcement/auditandmonitoring/auditreports/auditscot/2011/inverclydeaudit2011,Document
602821,/enforcement/auditandmonitoring/auditreports/auditscot/2011/stirlingaudit2011,Document
602825,/enforcement/auditandmonitoring/auditreports/auditscot/2011/renfrewshireaudit2011,Document
602831,/enforcement/auditandmonitoring/auditreports/auditscot/2011/eastrenfrewshireaudit2011,Document
605312,/enforcement/auditandmonitoring/auditreports/audengreport/audits2011/auditnorfolk/norfolkaudit2011,Document
606795,/enforcement/auditandmonitoring/auditreports/auditnireland/2012/auditbelfastport2012/belfastportaudit2012,Document
606931,/enforcement/auditandmonitoring/auditreports/auditscot/2011/comhairlenaneileansiaraudit2011,Document
606949,/enforcement/auditandmonitoring/auditreports/auditscot/auditscot2012/falkirkaudit2012,Document
608224,/enforcement/auditandmonitoring/auditreports/auditnireland/2011/auditnewryandmourne/newryandmourneaudit2011,Document
609880,/enforcement/auditandmonitoring/auditreports/audengreport/audits2011/auditbuckinghamshire/auditbuckinghamshire2011,Document
610023,/enforcement/auditandmonitoring/auditreports/audengreport/audits2010/auditslough/sloughuap2012,Document
613391,/enforcement/auditandmonitoring/auditreports/audengreport/audits2011/thanet-audit/thane-audit-2011,Document
652580,/enforcement/auditandmonitoring/auditreports/audengreport/audits2012/ayles-vale-2012/ayles-vale-delivery-audit,Document
652948,/enforcement/auditandmonitoring/auditreports/auditscot/auditscot2012/south-lanarkshire-audit,Document
653140,/enforcement/auditandmonitoring/auditreports/audengreport/audits2011/auditnortheastlincolnshire/ne-linc-uap,Document
655183,/enforcement/auditandmonitoring/auditreports/auditscot/auditscot2012/east-lothhian-audit,Document
656233,/enforcement/auditandmonitoring/auditreports/audengreport/audits2012/medway/medway-audit,Document
656256,/enforcement/auditandmonitoring/auditreports/audengreport/audits2012/st-helens/st-helens-audit,Document
662652,/enforcement/auditandmonitoring/auditreports/audengreport/audits2012/doncaster/doncaster-delivery-compliance,Document
662662,/enforcement/auditandmonitoring/auditreports/audengreport/audits2012/northumberland-dca/northumberland-delivery-compliance,Document
666046,/enforcement/auditandmonitoring/auditreports/audengreport/audits2012/southend-on-sea-audit/southend-on-sea,Document
666298,/enforcement/auditandmonitoring/auditreports/audengreport/audits2012/southwark-london/southwark-delivery-compliance,Document
667712,/enforcement/auditandmonitoring/auditreports/audengreport/audits2012/craven-dca/Craven-delivery-compliance,Document
667812,/enforcement/auditandmonitoring/auditreports/auditnireland/2012/auditnorthdown2012/northdownaudit2012,Document
671135,/enforcement/auditandmonitoring/auditreports/audengreport/audits2012/durham/Durham-delivery-compliance,Document
671602,/enforcement/auditandmonitoring/auditreports/audengreport/audits2012/redbridge-london/redbridge-delivery-compliance,Document
673725,/enforcement/auditandmonitoring/auditreports/audengreport/audits2012/richmonduponthames-london/richmonduponthames-london-delivery-compliance,Document
673753,/enforcement/auditandmonitoring/auditreports/audengreport/audits2013/st-albans/st-albans-delivery-compliance,Document
673755,/enforcement/auditandmonitoring/auditreports/audengreport/audits2013/swale/swale-delivery-compliance,Document
679200,/enforcement/auditandmonitoring/auditreports/audengreport/audits2013/west-oxfordshire/west-oxfordshire-delivery-compliance,Document
679447,/enforcement/auditandmonitoring/auditreports/audengreport/audits2013/elmbridge/elmbridge-delivery-compliance,Document
681402,/enforcement/auditandmonitoring/auditreports/audengreport/audits2013/fareham/fareham-delivery-compliance,Document
685427,/enforcement/auditandmonitoring/auditreports/audengreport/audits2013/cheshire-east/cheshire-east-delivery-compliance,Document
685515,/enforcement/auditandmonitoring/auditreports/audengreport/audits2013/horsham/horsham-delivery-compliance,Document
685532,/enforcement/auditandmonitoring/auditreports/audengreport/audits2013/hertsmere/hertsmere-delivery-compliance,Document
687914,/enforcement/auditandmonitoring/auditreports/auditnireland/2012/auditarmagh2012/armaghaudit2012,Document
687926,/enforcement/auditandmonitoring/auditreports/auditnireland/2012/auditstrabane2012/strabaneaudit2012,Document
690914,/enforcement/auditandmonitoring/auditreports/auditnireland/2013/auditmoyle2013/moyleaudit2013,Document
693691,/enforcement/auditandmonitoring/auditreports/audengreport/audits2013/waverley/waverley-delivery-compliance,Document
694020,/enforcement/auditandmonitoring/auditreports/auditscot/auditscot2013/dumfries-galloway/,GenericBranch
694022,/enforcement/auditandmonitoring/auditreports/auditscot/auditscot2013/audit-north-lanarkshire-2013/,GenericBranch
694025,/enforcement/auditandmonitoring/auditreports/auditscot/auditscot2013/audit-north-ayrshire-2013/,GenericBranch
694027,/enforcement/auditandmonitoring/auditreports/auditscot/auditscot2013/audit-moray-2013/,GenericBranch
694047,/enforcement/auditandmonitoring/auditreports/auditscot/auditscot2012/audit-fife-2012/,GenericBranch
694051,/enforcement/auditandmonitoring/auditreports/auditscot/auditscot2012/audit-scottish-borders-2012/,GenericBranch
694055,/enforcement/auditandmonitoring/auditreports/auditscot/auditscot2012/audit-dumfries-galloway-2012/,GenericBranch
694060,/enforcement/auditandmonitoring/auditreports/auditscot/auditscot2012/audit-south-ayrshire/,GenericBranch
695220,/enforcement/auditandmonitoring/auditreports/auditscot/auditscot2013/highland-council/,GenericBranch
696225,/enforcement/auditandmonitoring/auditreports/audengreport/audits2013/west-sussex/west-sussex-feed-controls,Document
697025,/enforcement/auditandmonitoring/auditreports/auditscot/auditscot2013/glasgow-audit/,GenericBranch
697748,/enforcement/auditandmonitoring/auditreports/audengreport/audits2013/east-hertfordshire/east-hertfordshire-delivery-compliance,Document
697769,/enforcement/auditandmonitoring/auditreports/audengreport/audits2013/cambridgeshire/cambridgeshire-feed-controls,Document
698327,/enforcement/auditandmonitoring/auditreports/auditscot/auditscot2013/fife-audit/,GenericBranch
698332,/enforcement/auditandmonitoring/auditreports/auditscot/auditscot2013/argyll-bute-audit/,GenericBranch
699438,/enforcement/auditandmonitoring/auditreports/audengreport/audits2013/central-bedfordshire/central-bedfordshire-feed-controls,Document
699445,/enforcement/auditandmonitoring/auditreports/audengreport/audits2013/darlington/darlington-feed-controls,Document
699515,/enforcement/auditandmonitoring/auditreports/auditnireland/2013/auditcarrickfergus/carrickfergusaudit2013,Document
700396,/enforcement/auditandmonitoring/auditreports/auditscot/auditscot2013/audit-shetland-islands-2013/,GenericBranch
701262,/enforcement/auditandmonitoring/auditreports/audengreport/audits2013/cornwall/cornwall-feed-controls,Document
703026,/enforcement/auditandmonitoring/auditreports/auditscot/auditscot2013/city-edinburgh/,GenericBranch
704624,/enforcement/auditandmonitoring/auditreports/auditscot/auditscot2013/audit-scottish-borders/,GenericBranch
706422,/enforcement/auditandmonitoring/auditreports/audengreport/audits2013/barnsley/barnsley-feed-controls,Document
706441,/enforcement/auditandmonitoring/auditreports/audengreport/audits2013/portsmouth/portsmouth-delivery-compliance,Document
707672,/enforcement/auditandmonitoring/auditreports/audengreport/audits2013/derbyshire/derbyshire-feed-controls,Document
707674,/enforcement/auditandmonitoring/auditreports/audengreport/audits2013/wiltshire/wiltshire-delivery-compliance,Document
708283,/enforcement/auditandmonitoring/auditreports/audengreport/audits2013/oldham/Oldham-feed-controls,Document
709965,/enforcement/auditandmonitoring/auditreports/audengreport/audits2013/ealing-london/ealing-delivery-compliance,Document
710728,/enforcement/auditandmonitoring/auditreports/auditscot/auditsscot2014/,GenericBranch
710730,/enforcement/auditandmonitoring/auditreports/auditscot/auditsscot2014/orkney-islands/,GenericBranch
711741,/enforcement/auditandmonitoring/auditreports/auditwales/auditwales2013/bridgendaudit2013/bridgend2013audit,Document
711748,/enforcement/auditandmonitoring/auditreports/auditwales/auditwales2013/monmouthshireaudit2013/monmouthshireaudit2013,Document
711839,/enforcement/auditandmonitoring/auditreports/audengreport/audits2013/wycombe/wycombe-delivery-compliance,Document
711842,/enforcement/auditandmonitoring/auditreports/audengreport/audits2013/isles-of-scilly/isles-of-scilly-delivery-compliance,Document
711887,/enforcement/auditandmonitoring/auditreports/auditscot/auditsscot2014/audit-west-lothian/,GenericBranch
711889,/enforcement/auditandmonitoring/auditreports/auditscot/auditsscot2014/audit-east-lothian/,GenericBranch
713222,/enforcement/auditandmonitoring/auditreports/audengreport/audits2014/rochford/rochford-imported-food-controls,Document
714525,/enforcement/auditandmonitoring/auditreports/auditscot/auditsscot2014/glasgow/,GenericBranch
715622,/enforcement/auditandmonitoring/auditreports/audengreport/audits2013/shropshire/shropshire-feed-controls,Document
715624,/enforcement/auditandmonitoring/auditreports/audengreport/audits2013/gloucestershire/gloucestershire-feed-controls,Document
716113,/enforcement/auditandmonitoring/auditreports/auditscot/auditscot2012/audit-highland-2012/,GenericBranch
716721,/enforcement/auditandmonitoring/auditreports/audengreport/audits2014/solihull/solihull-imported-food-controls,Document
718057,/enforcement/auditandmonitoring/auditreports/audengreport/audits2014/trafford/trafford-imported-food-controls,Document
718870,/enforcement/auditandmonitoring/auditreports/audengreport/audits2014/christchurch/christchurch-imported-food,Document
719237,/enforcement/auditandmonitoring/auditreports/auditwales/auditwales2013/denbigshireaudit2013/denbighshirefullaudit2013,Document